Sort,Notes,No.,Pollutant,source,alias,CAS No.,Carcinogen,Human Health Criteria:                  Water + Organism (ug/L),Human Health Criteria: Organism Only (ug/L),Freshwater Acute Criteria (CMC) ug/L,Freshwater Chronic Criteria (CCC) ug/L,Freshwater Fish Acute 1,Freshwater Fish Chronic 2,Freshwater Invertebrates Acute 3,Freshwater Invertebrates Chronic 4,Freshwater Nonvascular Plants Acute 5,Freshwater Vascular Plants Acute 6,Office of Water Aquatic Life Criteria Maximum Concentration (CMC),Office of Water Aquatic Life Criteria Continuous Concentration (CCC),minimum criteria/benchmark value,index,OR MCLs,,Marine Acute Criteria (CMC) ug/L,Marine Chronic Criteria (CCC) ug/L,Acute One Day HHBP (ppb),Chronic/ Lifetime HHBP (ppb),Fish SV 175 g/d (ppb ),Fish SV 17.5 g/d (ppb),Fish SV 32 g/d (ppb)
1,0,,"(DCSA) 3,6-dichlorosalicylic acid",OPP,,3401-80-7,,,,,,"> 50,000",—,44500,—,138000,"> 73,000",—,—,44500,7,,,,,,,,,
2,0,,(PCA) Pentachloroaniline,OPP,,527-20-8,,,,,,28,—,150,—,—,—,—,—,28,5,,,,,,,,,
3,0,,(PCB) Pentachlorobenzene,OPP,,608-93-5,,,,,,70,—,80,—,—,—,—,—,70,5,,,,,,,,,
4,0,,(PCNB) Pentachloronitrobenzene,OPP,,82-68-8,,,,,,50,13,385,18,—,—,—,—,13,6,,,,,,,,,
5,0,,(PCP) Pentachlorophenol,OPP,,87-86-5,,,,,,47.5,—,25,—,—,—,—,—,25,7,,,,,,,,,
6,,,"1,2,4-Triazole",EPA HHBP,,288-88-0,,,,,,,,,,,,,,0,13,,,,,300,35,,,
7,,,"2, 4 - DB DMA",EPA HHBP,,2758-42-1,,,,,,,,,,,,,,0,13,,,,,19800,210,,,
8,,,"2, 4 - DBA",EPA HHBP,,94-82-6,,,,,,,,,,,,,,0,13,,,,,19800,210,,,
9,,39,"2,4-D","Table 40, 20","Chlorophenoxy Herbicide (2,4-D) ",94757,n,100,--,--,--,,,,,,,,,100,1,70,,--,--,,,,,
10,0,,"2,4-D acids and salts",OPP,,,,,,,,12075,14200,12500,16050,3880,13.1,—,—,13.1,10,,,,,,,,,
11,0,,"2,4-D esters",OPP,,,,,,,,130,79.2,1100,200,66,330,—,—,66,9,,,,,,,,,
12,11,,"2,4-DB",OPP,,94-82-6,,,,,,1000,—,7500,—,932,—,—,—,932,9,,,,,,,,,
13,11,,"2,4-DB-DMAS",OPP,,- -,,,,,,1567,—,10150,—,—,—,—,—,1567,5,,,,,,,,,
14,,69,"2,4-Dinitrotoluene","Table 40, 20","Dinitrotoluene 2,4",121142,y,0.084,0.34,--,--,,,,,,,,,0.084,1,,,--,--,,,1.286173633,12.86173633,7.033762058
15,,,"2,4-DP-p Salts & Esters",EPA HHBP,,15165-67-0,,,,,,,,,,,,,,0,13,,,,,500,252,,,
16,,,"2,6-Dichlorobenzamide (BAM)",EPA HHBP,,2008-58-4,,,,,,,,,,,,,,0,13,,,,,990,32,,,
17,0,,3-chloroacrylic acid Telone degradate,OPP,,- -,,,,,,34750,—,27500,—,430,220,—,—,220,10,,,,,,,,,
18,0,,3-chloroallyl alcohol Telone degradate,OPP,,- -,,,,,,493,—,1150,—,32900,1694,—,—,493,5,,,,,,,,,
19,,46,"4,4`-DDD","Table 40, 20","DDD 4,4'",72548,y,0.000031,0.000031,--,--,,,,,,,,,0.000031,1,,,--,--,,,1.666666667,16.66666667,9.114583333
20,,47,"4,4`-DDE","Table 40, 20","DDE 4,4'",72559,y,0.000022,0.000022,--,--,,,,,,,,,0.000022,1,,,--,--,,,1.176470588,11.76470588,6.433823529
21,,48,"4,4`-DDT","Table 40, 20","DDT 4,4'",50293,y,0.000022,0.000022,,,,,,,,,,,0.000022,1,,,,,,,1.176470588,11.76470588,6.433823529
22,,,Abamectin,EPA HHBP,,"71751-41-2, 65195-55-3",,,,,,,,,,,,,,0,13,,,,,50,3,,,
23,,1,Acenaphthene,"Table 40, 20",,83329,n,95,99,--,--,,,,,,,,,95,1,,,--,--,,,24000,240000,131250
24,9,,Acephate,"OPP, EPA HHBP",,30560-19-1,,,,,,416000,5760,550,150,"> 50,000",—,—,—,150,8,,,,,50,8,,,
25,0,,Acequinocyl,"OPP, EPA HHBP",,57960-19-7,,,,,,33500,520,1.2,0.98,960,—,—,—,0.98,8,,,,,-,189,,,
26,,,Acetamiprid,EPA HHBP,,135410-20-7,,,,,,,,,,,,,,0,13,,,,,1000,497,,,
27,0,,Acetochlor,"OPP, EPA HHBP",,34256-82-1,,,,,,190,130,4100,22.1,1.43,3.4,—,—,1.43,9,,,,,1500,140,,,
28,,,Acibenzolar-methyl,EPA HHBP,,135158-54-2,,,,,,,,,,,,,,0,13,,,,,2706,541,,,
29,0,,Acifluorfen (Sodium),OPP,,62476-59-9,,,,,,8500,"< 1,500",14050,—,> 265,378,—,—,378,10,,,,,,,,,
30," 10, 13",,Acrolein,"Table 40, 20, OPP",,107-02-8,n,0.88,0.93,--,--,7,11.4,< 15.5,7.1,28,72,3,3,0.88,1,,,--,--,,,6240,62400,34125
31,,3,Acrylonitrile,"Table 40, 20",,107131,y,0.018,0.025,--,--,,,,,,,,,0.018,1,,,--,--,,,0.740740741,7.407407407,4.050925926
32,,,ADBAC,EPA HHBP,,68424-85-1,,,,,,,,,,,,,,0,13,,,,,-,3080,,,
33,,,Alachlor,"Table 40, 20",,,,,,,,900,187,1250,110,1.64,2.3,—,—,1.64,9,2,,0,0,,,,,
34,9,,Aldicarb,OPP,,116-06-3,,,,,,26,0.46,10,1,"> 5,000",—,—,—,0.46,6,,,,,,,,,
35,0,,Aldicarb sulfone,OPP,,1646-88-4,,,,,,21000,—,140,—,—,—,—,—,140,7,,,,,,,,,
36,0,,Aldicarb sulfoxide,OPP,,1646-87-3,,,,,,3570,—,21.5,—,—,—,—,—,21.5,7,,,,,,,,,
37,,4,Aldrin,"Table 40, 20",,309002,y,0.000005,0.000005,3,--,,,,,,,,,0.000005,1,,,1.3,--,,,0.023529412,0.235294118,0.128676471
38,0,,Aliphatic Oils 100 Paraffin Oil,OPP,,64742-54-7,,,,,,"> 50,000",—,205,—,—,—,—,—,205,7,,,,,,,,,
39,0,,Aliphatic Oils 70 Orchard Spray,OPP,,64742-55-8,,,,,,—,—,1200,—,—,—,—,—,1200,7,,,,,,,,,
40,0,,Aliphatic Oils 90 Neutral Oil,OPP,,8012-95-1,,,,,,"> 50,000",—,10,—,—,—,—,—,10,7,,,,,,,,,
41,0,,Aliphatic Oils GB-1111,OPP,,,,,,,,"> 60,000",—,50,—,—,—,—,—,50,7,,,,,,,,,
42,0,,Aliphatic Oils N65DW,OPP,,,,,,,,> 2.5 8,—,—,—,—,—,—,—,0,13,,,,,,,,,
43,0,,Aliphatic Oils VHVI-4,OPP,,,,,,,,"> 38,000",—,< 450,—,—,—,—,—,0,13,,,,,,,,,
44,,5,Alkalinity,"Table 40, 20",,,,--,--,--,20000,,,,,,,,,20000,4,,,--,--,,,,,
45,0,,Allethrin,OPP,,584-79-2,,,,,,9.5,—,1.05,—,—,—,0,0,1.05,7,,,,,,,,,
46,,20,alpha-BHC,"Table 40, 20",BHC Alpha,319846,y,0.00045,0.00049,--,--,,,,,,,,,0.00045,1,,,--,--,,,0.063492063,0.634920635,0.347222222
47,,,Aluminum phosphide,EPA HHBP,,20859-73-8,,,,,,,,,,,,,,0,13,,,,,180,79,,,
48,0,,Ametryn,OPP,,834-12-8,,,,,,1800,700,14000,240,3.67,10,—,—,3.67,9,,,,,,,,,
49,,,Amicarbazone,EPA HHBP,,129909-90-6,,,,,,,,,,,,,,0,13,,,,,1000,161,,,
50,,,Aminocyclopyrachlor,EPA HHBP,,"858956-08-8, 858956-35-1, 858954-83-3, 124423-84-3, 1759-53-1",,,,,,,,,,,,,,0,13,,,,,-,2450,,,
51,0,,aminomethyl phosphoric acid (AMPA) Glyphosate degradate,OPP,,1066-51-9,,,,,,249500,—,341500,—,—,—,—,—,249500,5,,,,,,,,,
52,,,Aminopyralid,EPA HHBP,,150114-71-9,,,,,,,,,,,,,,0,13,,,,,-,3500,,,
53,0,,Amitraz,"OPP, EPA HHBP",,33089-61-1,,,,,,170,1.5,17.5,1.1,—,—,—,—,1.1,8,,,,,13,-,,,
54,0,,Amitraz BTS 27271,OPP,,33089-61-1,,,,,,14200,—,1295,—,—,—,—,—,1295,7,,,,,,,,,
55,0,,Amitraz BTS 27919,OPP,,33089-61-1,,,,,,33100,—,"> 50,000",—,—,—,—,—,33100,5,,,,,,,,,
56,,6,Ammonia as N,"Table 40, 20",,7664417,,--,--,pH and temp dep.,pH and temp dep.,,,,,,,,,0,13,,,pH and temp dep.,pH and temp dep.,,,,,
57,,7,Anthracene,"Table 40, 20",,120127,n,2900,4000,--,--,,,,,,,,,2900,1,,,--,--,,,120000,1200000,656250
58,,8,"Antimony, Total recoverable","Table 40, 20",Total RecoverableAntimony,7440360,n,5.1,64,,,,,,,,,,,5.1,1,6,,--,--,,,160,1600,875
59,0,,Antimycin,OPP,,1397-94-0,,,,,,0.0045,—,0.004,—,—,—,—,—,0.004,7,,,,,,,,,
60,,,Aquashade,EPA HHBP,,2650-18-2,,,,,,,,,,,,,,0,13,,,,,-,35000,,,
61,,9,"Arsenic, Total inorganic","Table 40, 20",Arsenic (inorganic) - freshwater,7440382,y,2.1,2.1,,,,,,,,,,,0.228571429,11,10,,--,--,,,0.228571429,2.285714286,1.25
62,For assessment methodology multiply by 0.76 otherwise CAN determine compliance but cannot determine exceedance,10,"Arsenic, Total recoverable","Table 40, 20",,7440382,y,2.1,2.1,--,--,,,,,,,,,1,2,,,--,--,,,,,
63,,11,"Arsenic, Dissolved","Table 40, 20",Arsenic (tri),,,,,340,150,,,,,,,,,190,4,,,69,36,,,,,
64,,12,Asbestos,"Table 40, 20",,1332214,y,"7,000,000 fibers/L",--,--,--,,,,,,,,,0,13,"7,000,000 fibers/L",,--,--,,,,,
65,0,,Asulam,"OPP, EPA HHBP",,2302-17-2,,,,,,"> 87,500",—,13550,—,180,140,0,0,140,10,,,,,-,2520,,,
66,7,,Atrazine,"Table 40, 20, OPP",,1912-24-9,,,,,,2650,65,360,60,1,37,1500,—,1,9,3,,,,,,,,
67,9,,Azinphos methyl,"OPP, EPA HHBP",Azinphos-methyl,86-50-0,,,,,0.01,0.18,0.055,0.08,0.036,—,—,—,—,0.036,8,,,,0.01,30,11,,,
68,,82,Guthion,"Table 40, 20",,86500,,--,--,--,0.01,,,,,,,—,—,0.01,4,,,,0.01,6700,1260,,,
69,0,,Azoxystrobin,"OPP, EPA HHBP",,13860-33-8,,,,,,235,147,130,44,49,3400,,,44,8,,,--,--,,,,,
70,,13,"Barium, Total recoverable",Table 40,Total RecoverableBarium,7440393,n,1000,,,,,,,,,,—,—,1000,1,2000,,,,-,35,,,
71,8,,Benfluralin,"OPP, EPA HHBP",,1861-40-1,,,,,,34.85,1.9,> 50,15.5,> 100,—,,,1.9,6,,,,,-,1400,,,
72,,,Bensulfuron methyl,EPA HHBP,,83055-99-6,,,,,,,,,,,,—,—,0,13,,,,,1500,35,,,
73,10,,Bensulide,"OPP, EPA HHBP",,741-58-2,,,,,,360,374,290,—,1500,—,,,290,7,,,,,,,,,
74,8,,Bentazon,OPP,,50723-80-3,,,,,,"> 50,000",—,"> 50,000",—,4500,5350,—,—,4500,9,,,,,,,,,
75,0,,"Bentazon, sodium salt",OPP,,50723-80-3,,,,,,"> 50,000",—,31150,—,60,5350,—,—,60,9,,,,,-,693,,,
76,,,Benthiavalicarb-isopropyl,EPA HHBP,,177406-68-7,,,,,,,,,,,,—,—,0,13,,,--,--,,,7.272727273,72.72727273,39.77272727
77,,14,Benzene,"Table 40, 20",,71432,y,0.44,1.4,--,--,,,,,,,,,0.44,1,5,,,,-,3500,,,
78,,,Benzene Sulfonic Acid,EPA HHBP,,68584-22-5,,,,,,,,,,,,,,0,13,,,--,--,,,0.00173913,0.017391304,0.00951087
79,,15,Benzidine,"Table 40, 20",,92875,y,0.000018,0.00002,--,--,,,,,,,,,0.000018,1,,,--,--,,,0.054794521,0.547945205,0.299657534
80,,16,Benzo(a)anthracene,"Table 40, 20",Benz(a)anthracene,56553,y,0.0013,0.0018,--,--,,,,,,,,,0.0013,1,,,--,--,,,0.054794521,0.547945205,0.299657534
81,,17,Benzo(a)pyrene,"Table 40, 20",Benzo(a)pyrene,50328,y,0.0013,0.0018,--,--,,,,,,,,,0.0013,1,0.2,,--,--,,,0.054794521,0.547945205,0.299657534
82,,18,Benzo[b]fluoranthene,"Table 40, 20","Benzo(b)fluoranthene 3,4",205992,y,0.0013,0.0018,--,--,,,,,,,,,0.0013,1,,,--,--,,,0.054794521,0.547945205,0.299657534
83,,19,Benzo[k]fluoranthene,"Table 40, 20",Benzo(k)fluoranthene,207089,y,0.0013,0.0018,--,--,,,,,,,,,0.0013,1,,,,,,,,,
84,,,Beryllium,"Table 40, 20",Total RecoverableBeryllium,,,,,,,,,,,,,,,0,13,4,,--,--,,,0.222222222,2.222222222,1.215277778
85,,21,beta-BHC,"Table 40, 20",BHC Beta,319857,y,0.0016,0.0017,--,--,,,,,,,,,0.0016,1,,,,,-,70,,,
86,,,Bifenazate,EPA HHBP,,149877-41-8,,,,,,,,,,,,,,0,13,,,,,3300,91,,,
87,0,,Bifenthrin,"OPP, EPA HHBP",,82657-04-3,,,,,,0.075,0.04,0.8,0.0013,—,—,,,0.0013,8,,,,,,,,,
88,0,,Bioallethrin,OPP,,260359-57-7,,,,,,4.7,—,—,—,—,—,—,—,4.7,5,,,,,300,56,,,
89,,,Bioallethrin (D-trans Allethrin),EPA HHBP,,28057-48-9,,,,,,,,,,,,—,—,0,13,,,--,--,,,28.57142857,285.7142857,156.25
90,,79,Bis(2-ethylhexyl)phthalate,"Table 40, 20",Ethylhexyl Phthalate bis 2,117817,y,0.2,0.22,--,--,,,,,,,,,0.2,1,6,,,,-,700,,,
91,,,Bispyrabac Sodium,EPA HHBP,,125401-92-5,,,,,,,,,,,,,,0,13,,,,,1650,15,,,
92,,,Bitertanol,EPA HHBP,,55179-31-2,,,,,,,,,,,,,,0,13,,,,,,,,,
93,0,,Boric acid salts,OPP,,10043-35-3,,,,,,"> 400,000",—,66500,—,—,—,,,66500,7,,,,,-,1526,,,
94,0,,Boscalid,"OPP, EPA HHBP",,188425-85-6,,,,,,1350,116,> 533,298,1340,3900,—,—,116,6,,,,,,,,,
95,0,,Bromacil,OPP,,314-40-9,,,,,,18000,3000,60500,8200,6.8,45,0,0,6.8,9,,,--,--,,,50.63291139,506.3291139,276.8987342
96,,23,Bromoform,"Table 40, 20",,75252,y,3.3,14,--,--,,,,,,,—,—,3.3,1,,,,,1320,105,,,
97,,,Bromoxynil,EPA HHBP,,1689-84-5,,,,,,,,,,,,,,0,13,,,,,,,,,
98,0,,Bromoxynil heptanoate,OPP,,56634-95-8,,,,,,14.5,—,15.5,—,80,219,,,14.5,5,,,,,1320,105,,,
99,0,,Bromoxynil octanoate,"OPP, EPA HHBP",,1689-99-2,,,,,,26.5,18,48,2.5,51,—,0,0,2.5,8,,,,,,,,,
100,0,,Bromoxynil phenol,OPP,,1689-84-5,,,,,,1050,—,8610,—,—,—,—,—,1050,5,,,,,3300,63,,,
101,,,Bromuconazole,EPA HHBP,,116255-48-2,,,,,,,,,,,,—,—,0,13,,,,,66000,23,,,
102,,,Buprofezin,EPA HHBP,,69327-76-0,,,,,,,,,,,,,,0,13,,,,,-,84,,,
103,,,Butafenacil,EPA HHBP,,134605-64-4,,,,,,,,,,,,,,0,13,,,,,-,8400,,,
104,,,Butoxypolypropylene Glycol,EPA HHBP,,9003-13-8,,,,,,,,,,,,,,0,13,,,,,,,,,
105,10,,Butylate,OPP,,2008-41-5,,,,,,105,300,5500,—,—,4.6,,,4.6,10,,,--,--,,,80000,800000,437500
106,,24,Butylbenzylphthalate,"Table 40, 20",Butylbenzyl Phthalate,85687,n,190,190,--,--,,,,,,,—,—,190,1,,,,,,,,,
107,,25,"Cadmium, Total recoverable",Table 30,,7440439,,,,hardness,,,,,,,,,,1.1,4,5,,,,0.2,0.007,,,
108,,,Cadusafos,EPA HHBP,,95465-99-9,,,,,,,,,,,,,,0,13,,,,,-,63,,,
109,,,Calcium chlorate,EPA HHBP,,10137-74-3,,,,,,,,,,,,,,0,13,,,,,3300,910,,,
110,10,,Captan,"OPP, EPA HHBP",,133-06-2,,,,,,13.1,16.5,4200,560,320,"> 12,700",,,13.1,5,,,,,,,,,
111,9,,Carbaryl,OPP,,63-25-2,,,,,,110,6.8,0.85,0.5,660,1500,—,—,0.5,8,,,,,1700,175,,,
112,,,Carbendazim (MBC),EPA HHBP,,10605-21-7,,,,,,,,,,,,2.1,2.1,0,13,,,,,,,,,
113,,,Carbofuran,"Table 40, 20",,,,,,,,44,5.7,1.12,0.75,—,—,,,0.75,8,40,,,,,,,,
114,0,,Carbon disulfide Sodium Tetrathiocarbonate degradate,OPP,,75-15-0,,,,,,435,—,430,—,520,—,—,—,430,7,,,--,--,,,3.076923077,30.76923077,16.82692308
115,,26,Carbon Tetrachloride,"Table 40, 20",,56235,y,0.1,0.16,--,--,,,,,,,—,—,0.1,1,5,,,,,,,,
116,0,,Carboxin,OPP,,5234-68-4,,,,,,600,—,42200,—,370,670,,,370,9,,,,,50000,210,,,
117,,,Carfentrazone-ethyl,EPA HHBP,,128639-02-1,,,,,,,,,,,,—,—,0,13,,,,,,,,,
118,0,,CGA-321113 Trifloxystrobin degradate,OPP,,- -,,,,,,"> 53,000",—,"> 47,500",3200,78800,—,,,3200,8,,,,,-,11060,,,
119,0,,Chlorantraniliprole,"OPP, EPA HHBP",,500008-45-7,,,,,,> 600,110,4.9,4.5,1800,2000,—,—,4.5,8,,,,,,,1.142857143,11.42857143,6.25
120,,27,Chlordane,"Table 40, 20",,57749,y,0.000081,0.000081,2.4,0.0043,,,,,,,—,—,0.000081,1,2,,0.09,0.004,6,4,,,
121,,,Chlorethoxyfos,EPA HHBP,,54593-83-8,,,,,,,,,,,,,,0,13,,,,,450,21,,,
122,0,,Chlorfenapyr,"OPP, EPA HHBP",,122453-73-0,,,,,,3.72,3.68,2.915,3.57,—,—,,,2.915,7,,,,,,,,,
123,0,,Chlorfenapyr metabolite CL303094,OPP,,,,,,,,—,—,280,0,0,0,—,—,0,8,,,,,,,,,
124,0,,Chlorfenapyr metabolite CL303195,OPP,,,,,,,,—,—,850,—,—,—,0,0,850,7,,,,,,,,,
125,0,,Chlorfenapyr metabolite CL303267,OPP,,122454-23-3,,,,,,35,—,53.5,—,—,—,—,—,35,5,,,,,,,,,
126,0,,Chlorfenapyr metabolite CL312094,OPP,,122453-73-0,,,,,,> 464,—,—,—,—,—,—,—,0,13,,,,,,,,,
127,0,,Chlorfenapyr metabolite CL325195,OPP,,122453-73-0,,,,,,1050,—,—,—,—,—,—,—,1050,5,,,,,-,700,,,
128,,,Chlorflurenol Methyl Ester,EPA HHBP,,2536-31-4,,,,,,—,—,—,—,—,—,—,—,0,13,,,,,-,700,,,
129,17,,Chlorflurenol methyl ester,OPP,,88026-16-8,,,,,,—,—,—,—,—,—,—,—,0,13,,,,,,,,,
130,,28,Chloride,"Table 40, 20",,16887006,,--,--,860000,230000,,,,,,,—,—,230000,4,,,,,-,630,,,
131,,,Chlorimuron-ethyl,EPA HHBP,,90982-32-4,,,,,,,,,,,,,,0,13,,,,,,,,,
132,,29,Chlorine,"Table 40, 20",,7782505,,--,--,19,11,,,,,,,,,11,4,,,13,7.5,9000,350,,,
133,0,,Chlormequat chloride,"OPP, EPA HHBP",,00999-81-5,,,,,,"> 50,000",—,8450,5000,"> 207,000",2800,,,2800,10,,,--,--,,,8000,80000,43750
134,,30,Chlorobenzene,"Table 40, 20",,108907,n,74,160,--,--,,,,,,,—,—,74,1,,,,,,,,,
135,,,"Chlorobenzene, mono","Table 40, 20",,,,,,,,,,,,,,,,0,13,100,,--,--,,,4.761904762,47.61904762,26.04166667
136,,31,Chlorodibromomethane,"Table 40, 20",,124481,y,0.31,1.3,--,--,,,,,,,,,0.31,1,,,--,--,,,0.363636364,3.636363636,1.988636364
137,,32,Chloroethyl Ether bis 2,"Table 40, 20",,111444,y,0.02,0.05,--,--,,,,,,,,,0.02,1,,,--,--,,,#DIV/0!,#DIV/0!,#DIV/0!
138,,33,Chloroform,"Table 40, 20",,67663,n,260,1100,--,--,,,,,,,,,#DIV/0!,#DIV/0!,,,--,--,,,16000,160000,87500
139,,34,Chloroisopropyl Ether bis 2,"Table 40, 20",,108601,n,1200,6500,--,--,,,,,,,,,1200,1,,,--,--,,,0.001818182,0.018181818,0.009943182
140,,35,"Chloromethyl ether, bis","Table 40, 20",,542881,y,0.000024,0.000029,--,--,,,,,,,,,0.000024,1,,,--,--,,,32000,320000,175000
141,,36,Chloronaphthalene 2,"Table 40, 20",,91587,n,150,160,--,--,,,,,,,,,150,1,,,,,-,91,,,
142,,,Chloroneb,EPA HHBP,,2675-77-6,,,,,,,,,,,,,,0,13,,,--,--,,,2000,20000,10937.5
143,,37,Chlorophenol 2,"Table 40, 20",,95578,n,14,15,--,--,,,,,,,,,14,1,,,--,--,,,,,
144,,38,"Chlorophenoxy Herbicide (2,4,5,-TP) ","Table 40, 20",,93721,n,10,--,--,--,,,,,,,,,10,1,50,,,,,,,,
145,13,,Chloropicrin,OPP,,76-06-2,,,,,,< 8.49,—,< 36,—,—,—,,,0,13,,,,,,,,,
146,0,,Chlorothalonil,OPP,,1897-45-6,,,,,,5.25,3,1.8,0.6,6.8,630,—,—,0.6,8,,,,,,,,,
147,0,,Chlorothalonil degradate (SDS-3701),OPP,,,,,,,,4600,—,13000,—,33700,—,—,—,4600,5,,,,,82500,350,,,
148,,,Chlorpropham,EPA HHBP,,101-21-3,,,,,,,,,,,,—,—,0,13,,,,,,,,,
149,,40,Chlorpyrifos (Dursban),"Table 40, 20, OPP",Chlorpyrifos,2921882,,--,--,0.083,0.041,0.9,0.57,0.05,0.04,140,—,,,0.04,8,,,0.011,0.0056,100,7,,,
150,0,,Chlorpyrifos-methyl,"OPP, EPA HHBP",Chlorpyrifos methyl,5598-13-0,,,,,,7,—,0.085,—,—,—,0.083,0.041,0.085,7,,,,,-,140,,,
151,0,,Chlorsulfuron,"OPP, EPA HHBP",,64902-72-3,,,,,,"> 125,000",32000,"> 185,000",20000,0.055,0.35,—,—,0.055,9,,,,,,,,,
152,,,Chromium,"Table 40, 20",,,,,,,,,,,,,,—,—,0,13,100,,,,,,,,
153,,41,"Chromium, Dissolved","Table 40, 20",Chromium (Hex),18540299,,--,--,16,11,,,,,,,,,11,4,,,1100,50,,,,,
154,,42,Chromium (Tri),"Table 40, 20",,,,--,--,hardness,hardness,,,,,,,,,210,4,,,--,--,,,0.054794521,0.547945205,0.299657534
155,,43,Chrysene,"Table 40, 20",,218019,y,0.0013,0.0018,--,--,,,,,,,,,0.0013,1,,,,,-,70,,,
156,0,,Clethodim,"OPP, EPA HHBP",,99129-21-2,,,,,,7500,—,2850,—,11000,1100,,,1100,10,,,,,1650,2,,,
157,,,Clodinafop-propargyl,EPA HHBP,,105512-06-9,,,,,,,,,,,,—,—,0,13,,,,,-,91,,,
158,0,,Clofentezine,"OPP, EPA HHBP",,74115-24-5,,,,,,> 7.3,6,> 40,26.2,—,—,,,6,6,,,,,33000,5880,,,
159,0,,Clomazone,"OPP, EPA HHBP",,81777-89-1,,,,,,1450,350,2700,2200,167,30200,—,—,167,9,,,,,7500,1050,,,
160,,,Clopyralid,EPA HHBP,,1702-17-6,,,,,,984000,—,56500,—,—,—,—,—,56500,7,,,,,7500,1050,,,
161,0,,Clopyralid,OPP,,57754-85-5,,,,,,984000,—,56500,—,—,—,—,—,56500,7,,,,,2500,686,,,
162,,,Clothianidin,EPA HHBP,,210880-92-5,,,,,,,,,,,,—,—,0,13,,,,,,,,,
163,,44,"Copper, Total recoverable","Table 40, 30",,7440508,n,1300,,hardness,hardness,15.7,9.01,2.05,1.11,3.1,2300,,,1.11,8,1300,,,,25,2,,,
164,10,,Coumaphos,"OPP, EPA HHBP",,56-72-4,,,,,,140,11.7,0.037,0.037,—,—,—,—,0.037,7,,,,,,,,,
165,0,,Cyanamide,OPP,,420-04-2,,,,,,23000,< 507,1650,100,650,2330,—,—,100,8,,,,,,,8000,80000,43750
166,,45,Cyanide ,"Table 40, 20",,57125,n,130,130,22,5.2,,,,,,,—,—,5.2,4,200,,1,1,33000,6636,,,
167,,,Cyazofamid,EPA HHBP,,120116-88-3,,,,,,,,,,,,,,0,13,,,,,5000,49,,,
168,,,Cyclanilide,EPA HHBP,,113136-77-9,,,,,,,,,,,,,,0,13,,,,,670,35,,,
169,0,,Cycloate,"OPP, EPA HHBP",,1134-23-2,,,,,,2250,—,1300,—,—,—,,,1300,7,,,,,200,168,,,
170,0,,Cyfluthrin,"OPP, EPA HHBP",,68359-37-5,,,,,,0.034,0.01,0.0125,0.007,—,—,—,—,0.007,8,,,,,-,70,,,
171,,,Cyhalofop-butyl,EPA HHBP,,122008-85-9,,,,,,,,,,,,—,—,0,13,,,,,50,7,,,
172,,,Cyhalothrin,EPA HHBP,,68085-85-8,,,,,,,,,,,,,,0,13,,,,,67,18,,,
173,17,,Cyhexatin,"OPP, EPA HHBP",,13121-70-5,,,,,,—,—,—,—,—,—,,,0,13,,,,,1320,6,,,
174,,,Cymoxanil,EPA HHBP,,57966-95-7,,,,,,,,,,,,—,—,0,13,,,,,1000,420,,,
175,0,,Cypermethrin,"OPP, EPA HHBP",,52315-07-8,,,,,,0.195,0.14,0.21,0.069,—,—,,,0.069,8,,,,,,,,,
176,0,,Cyphenothrin,OPP,,39515-40-7,,,,,,0.17,—,0.22,—,—,—,—,—,0.17,5,,,,,660,70,,,
177,,,Cyproconazole,EPA HHBP,,94361-06-5,,,,,,,,,,,,—,—,0,13,,,,,49500,189,,,
178,0,,Cyprodinil,"OPP, EPA HHBP",,121552-61-2,,,,,,1205,230,16,8,2250,—,,,8,8,,,,,-,2730,,,
179,,,Cyprosulfamide,EPA HHBP,,221667-31-8,,,,,,,,,,,,—,—,0,13,,,,,-,105,,,
180,0,,Cyromazine,"OPP, EPA HHBP",,66215-27-8,,,,,,44850,14000,46400,310,—,—,,,310,8,,,,,3300,126,,,
181,8,,DACT Atrazine degradate,"OPP, EPA HHBP",Diaminochlrotrizine (DACT),- -,,,,,,"> 50,000",—,"> 50,000",—,—,—,—,—,0,13,,,,,,,,,
182,8,,Dacthal (DCPA),OPP,,1861-32-1,,,,,,15000,—,13500,—,"> 11,000","> 11,000",—,—,13500,7,,,,,,,,,
183,,,Dalapon,"Table 40, 20",,,,,,,,,,,,,,—,—,0,13,200,,,,300,56,,,
184,,,d-Allethrin (Pynamin Forte),EPA HHBP,,584-79-2,,,,,,,,,,,,,,0,13,,,,,,,,,
185,0,,Daminozide,OPP,,1596-84-5,,,,,,224000,—,35500,—,"> 99,800",—,,,35500,7,,,,,33000,6600,,,
186,,,Dantochlor (BCDMH),EPA HHBP,,118-52-5,,,,,,,,,,,,—,—,0,13,,,,,,,,,
187,0,,Dazomet Methyl isothiocyanate (MITC) degradate,OPP,,533-74-4 / 556-61-6,,,,,,25.6,—,27.5,25,254,590,,,25,8,,,,,3300,700,,,
188,,,"DDAC, Didecyl dimethyl ammonium chloride",EPA HHBP,,7173-51-5,,,,,,,,,,,,—,—,0,13,,,,,-,3500,,,
189,,,DDBSA,EPA HHBP,,27176-87-0,,,,,,,,,,,,,,0,13,,,,,,,,,
190,0,,DDVP Naled degradate,OPP,,- -,,,,,,50,5.2,0.033,0.0058,—,—,,,0.0058,8,,,,,,,,,
191,0,,DEA Atrazine degradate,OPP,Atrazine-Desethyl,- -,,,,,,—,—,—,—,1000,—,—,—,1000,9,,,,,100,70,,,
192,0,,Deltamethrin,"OPP, EPA HHBP",,52918-63-5,,,,,,0.29,0.017,0.055,0.0041,—,—,—,—,0.0041,8,,,,,,,,,
193,0,,Tralomethrin degradate - deltamethrin,OPP,,52820-00-5,,,,,,0.29,0.017,0.055,0.0041,—,—,—,—,0.0041,8,,,,,,,,,
194,,49,Demeton,"Table 40, 20",,8065483,,--,--,--,0.1,,,,,,,—,—,0.1,4,,,,0.1,1000,280,,,
195,,,Desmedipham,EPA HHBP,,13684-56-5,,,,,,,,,,,,—,—,0,13,,,,,,,,,
196,,,Di (2-ethylhexyl) adipate,"Table 40, 20",Bis(2-ethylhexyl)adipate,,,,,,,,,,,,,,,0,13,,,,,,,,,
197,,,Di (2-ethylhexyl) phthalate,"Table 40, 20",,,,,,,,,,,,,,,,0,13,400,,,,,,,,
198,8,,DIA Atrazine degradate,OPP,Atrazine-Desisopropyl,- -,,,,,,8500,—,"> 63,000",—,2500,—,,,2500,9,6,,,,,,,,
199,"10,13",,Diazinon,OPP,,333-41-5,,,,,,45,< 0.55,0.11,0.17,3700,—,,,0.11,7,,,,,,,0.054794521,0.547945205,0.299657534
200,,50,"Dibenz[a,h]anthracene","Table 40, 20","Dibenz(a,h)anthracene",53703,y,0.0013,0.0018,--,--,,,,,,,—,—,0.0013,1,,,,,,,,,
201,,,Dibromochloropropane,"Table 40, 20",,,,,,,,,,,,,,0.17,0.17,0,13,,,,,,,,,
202,"8,11",,Dicamba,OPP,,1918-00-9,,,,,,14000,—,17300,—,61,"> 3,250",,,61,9,0.2,,,,,,,,
203,0,,"Dicamba, dimethylamine salt",OPP,,2300-66-5,,,,,,488500,—,781500,—,—,—,,,488500,5,,,,,,,,,
204,0,,"Dicamba, sodium salt",OPP,,1982-69-0,,,,,,253600,—,17300,—,—,—,—,—,17300,7,,,,,1485,70,,,
205,13,,Dichlobenil,"OPP, EPA HHBP",,1194-65-6,,,,,,2465,< 330,1850,560,1000,30,—,—,30,10,,,,,16500,175,,,
206,,,Dichloran,EPA HHBP,,99-30-9,,,,,,,,,,,,—,—,0,13,,,--,--,,,5360,53600,29312.5
207,,51,"Dichlorobenzene(m) 1,3","Table 40, 20",,13,n,80,96,--,--,,,,,,,—,—,80,1,,,--,--,,,36000,360000,196875
208,,52,"Dichlorobenzene(o) 1,2","Table 40, 20",,13,n,110,130,--,--,,,,,,,,,110,1,,,--,--,,,5360,53600,29312.5
209,,53,"Dichlorobenzene(p) 1,4","Table 40, 20",,13,n,16,19,--,--,,,,,,,,,16,1,600,,--,--,,,0.888888889,8.888888889,4.861111111
210,,54,"Dichlorobenzidine 3,3'","Table 40, 20",,91941,y,0.0027,0.0028,--,--,,,,,,,,,0.0027,1,75,,--,--,,,6.451612903,64.51612903,35.28225806
211,,55,Dichlorobromomethane,"Table 40, 20",Bromodichloromethane,75274,y,0.42,1.7,--,--,,,,,,,,,0.42,1,,,--,--,,,4.395604396,43.95604396,24.03846154
212,,56,"Dichloroethane 1,2","Table 40, 20",,107062,y,0.35,3.7,--,--,,,,,,,,,0.35,1,,,--,--,,,20000,200000,109375
213,,57,"Dichloroethylene 1,1","Table 40, 20",,75354,n,230,710,--,--,,,,,,,,,230,1,5,,,,,,,,
214,,,"Dichloroethylene cis 1,2","Table 40, 20",,,,,,,,,,,,,,,,0,13,7,,--,--,,,8000,80000,43750
215,,58,"Dichloroethylene trans 1,2","Table 40, 20",,156605,n,120,1000,--,--,,,,,,,,,120,1,70,,,,,,,,
216,,,Dichloromethane,"Table 40, 20",,,,,,,,,,,,,,,,0,13,100,,--,--,,,1200,12000,6562.5
217,,59,"Dichlorophenol 2,4","Table 40, 20",,120832,n,23,29,--,--,,,,,,,,,23,1,5,,--,--,,,5.970149254,59.70149254,32.64925373
218,,60,"Dichloropropane 1,2","Table 40, 20",,78875,y,0.38,1.5,--,--,,,,,,,,,0.38,1,,,--,--,,,4,40,21.875
219,,61,"Dichloropropene 1,3","Table 40, 20",,542756,y,0.3,2.1,--,--,,,,,,,,,0.3,1,5,,,,80,4,,,
220,,,Dichlorvos,"OPP, EPA HHBP",Dichlorvos (DDVP),62-73-7,,,,,,79.5,5.2,0.035,0.0058,14000,—,,,0.0058,8,,,,,3300,16,,,
221,,,Diclofop-methyl,EPA HHBP,,51338-27-3,,,,,,,,,,,,,,0,13,,,,,-,350,,,
222,,,Diclosulam,EPA HHBP,,145701-21-9,,,,,,,,,,,,—,—,0,13,,,,,500,3,,,
223,0,,Dicofol,"OPP, EPA HHBP",,115-32-2,,,,,,26.5,4.4,70,19,"> 5,000",—,,,4.4,6,,,,,17,0.5,,,
224,0,,Dicrotophos,"OPP, EPA HHBP",,141-66-2,,,,,,3150,—,6.35,0.99,—,—,,,0.99,8,,,,,,,0.025,0.25,0.13671875
225,,62,Dieldrin,"Table 40, 20",,60571,y,0.0000053,0.0000054,0.24,0.056,,,,,,,—,—,0.0000053,1,,,0.71,0.0019,5800,105,,,
226,,,Diethanolamine Mefluidide,EPA HHBP,,53780-36-2,,,,,,,,,,,,—,—,0,13,,,--,--,,,320000,3200000,1750000
227,,63,Diethylphthalate,"Table 40, 20",Diethyl Phthalate,84662,n,3800,4400,--,--,,,,,,,,,3800,1,,,,,,,,,
228,0,,Difenacoum,OPP,,56073-07-5,,,,,,32,—,305,—,320,—,,,32,5,,,,,2500,70,,,
229,,,Difenoconazole,EPA HHBP,,119446-68-3,,,,,,,,,,,,,,0,13,,,,,-,581,,,
230,0,,Difenzoquat,"OPP, EPA HHBP",Difenzoquat methyl sulfate,43222-48-6,,,,,,23250,—,1265,—,630,120,—,—,120,10,,,,,,,,,
231,0,,Difethialone,OPP,,104653-34-1,,,,,,25.5,—,2.2,—,—,—,,,2.2,7,,,,,-,140,,,
232,0,,Diflubenzuron,"OPP, EPA HHBP",,35367-38-5,,,,,,64500,100,0.0014,0.00025,200,190,—,—,0.00025,8,,,,,33000,1820,,,
233,,,Diflufenzopyr Sodium,EPA HHBP,,109293-98-3,,,,,,,,,,,,—,—,0,13,,,,,24750,350,,,
234,0,,Dimethenamid,"OPP, EPA HHBP",Dimethenamid-P,163515-14-8,,,,,,3150,300,6000,1020,14,8.9,—,—,8.9,10,,,,,-,153,,,
235,,,Dimethipin,EPA HHBP,,55290-64-7,,,,,,,,,,,,,,0,13,,,,,130,15,,,
236,9,,Dimethoate,"OPP, EPA HHBP",,60-51-5,,,,,,3100,430,21.5,0.5,84,—,—,—,0.5,8,,,,,-,700,,,
237,,,Dimethomorph,EPA HHBP,,110488-70-5,,,,,,,,,,,,,,0,13,,,--,--,,,8000,80000,43750
238,,65,"Dimethylphenol 2,4","Table 40, 20",,105679,n,76,85,--,--,,,,,,,—,—,76,1,,,--,--,,,4000000,40000000,21875000
239,,64,Dimethylphthalate,"Table 40, 20",Dimethyl Phthalate,131113,n,84000,110000,--,--,,,,,,,,,84000,1,,,--,--,,,40000,400000,218750
240,,66,Di-n-butyl Phthalate,"Table 40, 20",,84742,n,400,450,--,--,,,,,,,,,400,1,,,--,--,,,800,8000,4375
241,,67,"Dinitrophenol 2,4","Table 40, 20",,51285,n,62,530,--,--,,,,,,,,,62,1,,,--,--,,,800,8000,4375
242,,68,Dinitrophenols,"Table 40, 20",,25550587,n,62,530,--,--,,,,,,,,,62,1,,,,,1320,26,,,
243,,,Dinocap,EPA HHBP,,39300-45-3,,,,,,,,,,,,,,0,13,,,,,,,,,
244,,,Dinoseb,"Table 40, 20",,,,,,,,,,,,,,,,0,13,,,,,12500,140,,,
245,,,Dinotefuran,EPA HHBP,,165252-70-0,,,,,,,,,,,,,,0,13,7,,--,--,,,2.56E-06,2.56E-05,1.40E-05
246,,70,"Dioxin (2,3,7,8-TCDD)","Table 40, 20",,1746016,y,5.10E-10,5.10E-10,--,--,,,,,,,,,5.10E-10,1,,,,,-,700,,,
247,,,Diphenylamine,EPA HHBP,,122-39-4,,,,,,,,,,,,,,0,13,0.00003,,--,--,,,0.5,5,2.734375
248,,71,"Diphenylhydrazine 1,2","Table 40, 20",,122667,y,0.014,0.02,--,--,,,,,,,,,0.014,1,,,,,,,,,
249,,,Diquat,"Table 40, 20",,,,,,,,,,,,,,,,0,13,,,,,,,,,
250,0,,Diquat dibromide,OPP,,85-00-7,,,,,,7400,122,385,< 36,9.4,0.75,,,0.75,10,20,,,,1000,210,,,
251,,,Disodium methanearsonate,EPA HHBP,,144-21-8,,,,,,,,,,,,,,0,13,,,,,,,,,
252,9,,Disulfoton,OPP,,298-04-4,,,,,,19.5,4,1.95,0.01,—,—,—,—,0.01,8,,,,,,,,,
253,0,,Disulfoton sulfone,OPP,,6/5/2497,,,,,,"> 4,600",—,17.5,0.14,—,—,,,0.14,8,,,,,,,,,
254,8,,Disulfoton sulfoxide,OPP,,- -,,,,,,30000,—,32,1.53,—,—,—,—,1.53,8,,,,,660,42,,,
255,,,Dithianon,EPA HHBP,,3347-22-6,,,,,,,,,,,,—,—,0,13,,,,,,,,,
256,10,,Diuron,OPP,,330-54-1,,,,,,200,26,80,200,2.4,15,—,—,2.4,9,,,,,-,140,,,
257,0,,Dodine,"OPP, EPA HHBP",,10/3/2439,,,,,,285,99,8.9,7.3,0.95,—,,,0.95,9,,,,,990,49,,,
258,,,d-Phenothrin (Sumithrin),EPA HHBP,,26002-80-2,,,,,,,,,,,,—,—,0,13,,,,,,,,,
259,0,,Dyes Acids,OPP,,,,,,,,"> 48,000","> 96,000","> 48,500",—,—,—,—,—,0,13,,,,,5000,980,,,
260,,,Ecolyst,EPA HHBP,,274671-61-3,,,,,,,,,,,,,,0,13,,,,,3,0.5,,,
261,,,Emamectin Benzoate,EPA HHBP,,137512-74-4,,,,,,,,,,,,—,—,0,13,,,,,150,42,,,
262,,72,Endosulfan,"Table 40, 20",,115297,,--,--,0.22,0.056,0.05,0.11,0.3,0.01,428,—,,,0.01,8,,,0.034,0.0087,,,2400,24000,13125
263,,73,Endosulfan I,"Table 40, 20",Endosulfan Alpha,959988,n,8.5,8.9,0.22,0.056,,,,,,,,,8.5,1,,,0.034,0.0087,,,2400,24000,13125
264,,74,Endosulfan II,"Table 40, 20",Endosulfan Beta,33213659,n,8.5,8.9,0.22,0.056,,,,,,,0.22,0.056,8.5,1,,,0.034,0.0087,,,2400,24000,13125
265,,75,Endosulfan Sulfate,"Table 40, 20",,1031078,n,8.5,8.9,--,--,1.9,—,150,—,—,—,,,1.9,5,,,,,,,,,
266,,,Endothall,"Table 40, 20",,,,,,,,,,,,,,,,0,13,,,,,,,,,
267,0,,Endothall (acid),OPP,,145-73-3,,,,,,24500,1300,46000,"< 2,200",—,—,—,—,1300,6,100,,,,,,,,
268,0,,Endothall (dipotassium salt),OPP,,145-73-3,,,,,,4576,1790,31900,—,—,610,,,610,10,,,,,,,,,
269,0,,"Endothall (N,N-dimethylalkylamine salt)",OPP,,145-73-3,,,,,,7.5,56,6,2.3,2.3,740,—,—,2.3,8,,,,,,,120,1200,656.25
270,,76,Endrin,"Table 40, 20",,72208,n,0.024,0.024,0.086,0.036,,,,,,,—,—,0.0023,4,,,0.037,0.0023,,,120,1200,656.25
271,,77,Endrin Aldehyde,"Table 40, 20",,7421934,n,0.03,0.03,--,--,,,,,,,—,—,0.03,1,2,,,,,,,,
272,0,,enol Spirotetramat degradate,OPP,,- -,,,,,,"> 50,000",—,37450,—,"> 100,000",5400,,,5400,10,,,,,1650,140,,,
273,,,Epoxiconazole,EPA HHBP,,133855-98-8,,,,,,,,,,,,,,0,13,,,,,2000,350,,,
274,0,,EPTC,"OPP, EPA HHBP",EPTC (Eptam),759-94-4,,,,,,7000,—,3245,810,1400,5600,—,—,810,8,,,,,300,56,,,
275,0,,Esbiol,"OPP, EPA HHBP",S-Bioallethrin (Esbiol),28434-00-6,,,,,,3.95,—,—,—,—,—,—,—,3.95,5,,,,,,,,,
276,0,,Esbiothrin,OPP,,84030-86-4,,,,,,—,—,4.45,—,—,—,—,—,4.45,7,,,,,18,13,,,
277,9,,Esfenvalerate,"OPP, EPA HHBP",,66230-04-4,,,,,,0.035,0.035,0.025,0.017,—,—,—,—,0.017,8,,,,,9900,385,,,
278,,,Ethaboxam,EPA HHBP,,162650-77-3,,,,,,,,,,,,—,—,0,13,,,,,24750,280,,,
279,0,,Ethalfluralin,"OPP, EPA HHBP",,55283-68-6,,,,,,16,0.4,30,24,25,—,,,0.4,6,,,,,-,31430,,,
280,,,Ethametsulfuron,EPA HHBP,,97780-06-8,,,,,,,,,,,,—,—,0,13,,,,,,,,,
281,0,,ESA (CGA-354743) S-Metolachlor degradate,OPP,,- -,,,,,,21500,—,54000,—,—,43000,,,21500,5,,,,,,,,,
282,0,,Ethane sulfonic acid Alachlor degradate,OPP,,- -,,,,,,52000,—,52000,—,—,—,,,52000,5,,,,,,,,,
283,8,,Ethanesulfonic acid (ESA) Acetochlor degradate,OPP,,187022-11-3,,,,,,"> 90,000",—,"> 62,500",—,9900,—,—,—,9900,9,,,,,600,420,,,
284,0,,Ethephon,"OPP, EPA HHBP",,16672-87-0,,,,,,44000,—,15850,17000,23500,2500,—,—,2500,10,,,,,9900,1980,,,
285,,,Ethofumesate,EPA HHBP,,26225-79-6,,,,,,,,,,,,—,—,0,13,,,,,76,10,,,
286,0,,Ethoprop,"OPP, EPA HHBP",Ethoprophos,13194-48-4,,,,,,150,24,22,0.8,8400,—,0,0,0.8,8,,,,,300,140,,,
287,,,Ethoxyquin,EPA HHBP,,91-53-2,,,,,,,,,,,,,,0,13,,,,,3,0.2,,,
288,,,Ethyl Parathion,EPA HHBP,,56-38-2,,,,,,,,,,,,—,—,0,13,,,--,--,,,40000,400000,218750
289,,78,Ethylbenzene,"Table 40, 20",,100414,n,160,210,--,--,,,,,,,,,160,1,,,,,1000,315,,,
290,,,Ethylene Chlorohydrin,EPA HHBP,,107-07-3,,,,,,,,,,,,,,0,13,700,,,,,,,,
291,,,Ethylene dibromide,"Table 40, 20",,,,,,,,,,,,,,,,0,13,,,,,-,259,,,
292,0,,Etofenprox,"OPP, EPA HHBP",,80844-07-1,,,,,,1.35,23,0.4,0.17,> 18.8,> 26,,,0.17,8,0.05,,,,-,322,,,
293,,,Etoxazole,EPA HHBP,,153233-91-1,,,,,,,,,,,,,,0,13,,,,,,,,,
294,8,,ETU Mancozeb and Maneb degradate,OPP,,- -,,,,,,"> 251,000",37320,134500,2,—,—,—,—,2,8,,,,,-,10,,,
295,,,Famoxadone,EPA HHBP,,131807-57-3,,,,,,,,,,,,,,0,13,,,,,12500,198,,,
296,,,Fenamidone,EPA HHBP,,161326-34-7,,,,,,,,,,,,—,—,0,13,,,,,,,,,
297,0,,Fenamiphos,OPP,,22224-92-6,,,,,,4.75,3.8,0.95,0.12,—,—,,,0.12,8,,,,,-,42,,,
298,0,,Fenarimol,"OPP, EPA HHBP",,60168-88-9,,,,,,450,180,3400,113,100,—,,,100,9,,,,,1000,350,,,
299,,,Fenazaquin,EPA HHBP,,120928-09-8,,,,,,,,,,,,—,—,0,13,,,,,9900,210,,,
300,,,Fenbuconazole,EPA HHBP,,114369-43-6,,,,,,,,,,,,—,—,0,13,,,,,-,119,,,
301,0,,Fenbutatin-oxide,"OPP, EPA HHBP",,13356-08-6,,,,,,0.85,0.31,15.5,16,—,—,,,0.31,6,,,,,-,1190,,,
302,,,Fenhexamid,EPA HHBP,,126833-17-8,,,,,,,,,,,,,,0,13,,,,,1250,9,,,
303,0,,Fenitrothion,"OPP, EPA HHBP",,122-14-5,,,,,,860,46,1.15,0.087,—,—,—,—,0.087,8,,,,,10560,18,,,
304,,,Fenoxaprop-ethyl,EPA HHBP,,66441-23-4,,,,,,,,,,,,,,0,13,,,,,,,,,
305,0,,Fenoxaprop-p-ethyl,OPP,,71283-80-2,,,,,,155,22,> 529,—,430,"> 3,000",—,—,22,6,,,,,2000,-,,,
306,0,,Fenoxycarb,"OPP, EPA HHBP",,72490-01-8,,,,,,800,48,200,0.0016,—,—,,,0.0016,8,,,,,600,175,,,
307,,,Fenpropathrin,EPA HHBP,,39515-41-8,,,,,,1.1,0.091,0.265,0.064,—,—,—,—,0.064,8,,,,,600,175,,,
308,0,,Fenpropathrin,OPP,,64257-84-7,,,,,,1.1,0.091,0.265,0.064,—,—,—,—,0.064,8,,,,,4950,224,,,
309,,,Fenpropimorph,EPA HHBP,,67564-91-4,,,,,,,,,,,,—,—,0,13,,,,,1650,70,,,
310,,,Fenpyroximate,EPA HHBP,,134098-61-6,,,,,,,,,,,,—,—,0,13,,,,,7,0.49,,,
311,8,,Fenthion,"OPP, EPA HHBP",,55-38-9,,,,,,415,7.5,2.6,0.013,400,"> 2,800",,,0.013,8,,,,,140,105,,,
312,,,Ferbam,EPA HHBP,,14484-64-1,,,,,,,,,,,,,,0,13,,,,,250,1,,,
313,0,,Fipronil,"OPP, EPA HHBP",,120068-37-3,,,,,,41.5,6.6,0.11,0.011,140,> 100,—,—,0.011,8,,,,,5000,91,,,
314,,,Flazasulfuron,EPA HHBP,,104040-78-0,,,,,,,,,,,,,,0,13,,,,,-,280,,,
315,,,Flonicamid,EPA HHBP,,158062-67-0,,,,,,,,,,,,—,—,0,13,,,,,-,350,,,
316,0,,Florasulam,"OPP, EPA HHBP",,145701-23-1,,,,,,"> 50,000",119000,"> 146,000",38900,3.45,1.18,,,1.18,10,,,,,16500,52,,,
317,,,Fluazifop,EPA HHBP,,69806-50-4,,,,,,,,,,,,,,0,13,,,,,16500,52,,,
318,,,Fluazifop-P-Butyl,EPA HHBP,,79241-46-6,,,,,,,,,,,,—,—,0,13,,,,,2310,77,,,
319,0,,Fluazinam,"OPP, EPA HHBP",,79622-59-6,,,,,,18,0.69,90,68,9200,—,,,0.69,6,,,,,9950,168,,,
320,0,,Flubendiamide,"OPP, EPA HHBP",,272451-65-7,,,,,,> 32.55,60.5,> 27.4,41.5,> 69.3,> 54.6,,,41.5,8,,,,,99000,2520,,,
321,,,Flucarbazone-sodium,EPA HHBP,,181274-17-9,,,,,,,,,,,,—,—,0,13,,,,,33000,210,,,
322,0,,Fludioxonil,"OPP, EPA HHBP",,131341-86-1,,,,,,235,19,450,< 19,70,"> 1,000",—,—,19,6,,,,,17,12,,,
323,,,Flufenacet (Thiaflumide),EPA HHBP,,142459-58-3,,,,,,,,,,,,,,0,13,,,,,-,263,,,
324,,,Flufenoxuron,EPA HHBP,,101463-69-8,,,,,,,,,,,,0,0,0,13,,,,,-,2800,,,
325,,,Flufenpyr-ethyl,EPA HHBP,,188489-07-8,,,,,,,,,,,,,,0,13,,,,,16500,-,,,
326,,,Flumetralin,EPA HHBP,,62924-70-3,,,,,,,,,,,,,,0,13,,,,,-,7000,,,
327,0,,Flumetsulam,"OPP, EPA HHBP",,98967-40-9,,,,,,"> 150,000",197000,125000,111000,3.21,3.1,,,3.1,10,,,,,-,7000,,,
328,0,,Flumiclorac-pentyl,"OPP, EPA HHBP",Flumiclorac pentyl,87546-18-7,,,,,,550,—,"> 19,000",—,—,—,,,550,5,,,,,990,140,,,
329,,,Flumioxazin,EPA HHBP,,"103361-09-7, 141490-50-8",,,,,,,,,,,,—,—,0,13,,,,,,,,,
330,0,,Fluometuron,OPP,,2164-17-2,,,,,,320,—,110,—,30,220,—,—,30,9,,,,,-,1400,,,
331,,,Fluopicolide,EPA HHBP,,239110-15-7,,,,,,,,,,,,,,0,13,,,--,--,,,16000,160000,87500
332,,80,Fluoranthene,"Table 40, 20",Fluoranthene,206440,n,14,14,--,--,,,,,,,—,—,14,1,,,--,--,,,16000,160000,87500
333,,81,Fluorene,"Table 40, 20",Fluorene,86737,n,390,530,--,--,,,,,,,,,390,1,,,,,,,,,
334,,,Fluoride,"Table 40, 20",,,,,,,,,,,,,,,,0,13,,,,,-,105,,,
335,,,Fluoxastrobin,EPA HHBP,,361377-29-9,,,,,,,,,,,,,,0,13,4000,,,,41250,1050,,,
336,0,,Fluridone,"OPP, EPA HHBP",,59756-60-4,,,,,,2800,480,650,—,—,—,,,480,6,,,,,-,7000,,,
337,,,Fluroxypyr acid,"OPP, EPA HHBP",Fluroxypyr,69377-81-7,,,,,,7150,—,"> 50,000",—,"> 100,000",—,,,7150,5,,,,,-,7000,,,
338,0,,Fluroxypyr MHE,"OPP, EPA HHBP",Fluroxypyr,81406-37-3,,,,,,6600,—,> 54.5,60,290,"> 2,300",—,—,60,8,,,,,3300,105,,,
339,0,,Flurprimidol,"OPP, EPA HHBP",,56425-91-3,,,,,,8600,944,5900,2960,840,10400,—,—,840,9,,,,,660,14,,,
340,,,Flusilazole,EPA HHBP,,85509-19-9,,,,,,,,,,,,—,—,0,13,,,,,-,7,,,
341,,,Fluthiacet methyl,EPA HHBP,,117337-19-6,,,,,,,,,,,,—,—,0,13,,,,,-,3500,,,
342,0,,Flutolanil,"OPP, EPA HHBP",,66332-96-5,,,,,,1250,233,"> 3,400",530,8010,8010,,,233,6,,,,,2475,350,,,
343,,,Flutriafol,EPA HHBP,,76674-21-0,,,,,,,,,,,,,,0,13,,,,,3300,630,,,
344,,,Folpet,EPA HHBP,,133-07-3,,,,,,,,,,,,—,—,0,13,,,,,-,18,,,
345,0,,Fomesafen sodium,"OPP, EPA HHBP",Fomesafen,72178-02-0,,,,,,63000,9400,188000,50000,92,210,,,92,9,,,,,-,490,,,
346,,,Forchlorfenuron,EPA HHBP,,68157-60-8,,,,,,,,,,,,,,0,13,,,,,3,-,,,
347,0,,Formetanate HCl,"OPP, EPA HHBP",Formetanate hydrochloride,23422-53-9,,,,,,1350,480,45,0.5,—,—,—,—,0.5,8,,,,,,,,,
348,0,,Fosamine ammonium,OPP,,25954-13-6,,,,,,188500,—,762000,—,"> 15,000","> 21,000",,,188500,5,,,,,-,17500,,,
349,,,Fosetyl-Al,EPA HHBP,,39148-24-8,,,,,,,,,,,,—,—,0,13,,,,,4,1,,,
350,0,,Fosthiazate,"OPP, EPA HHBP",,98886-44-3,,,,,,55500,2320,130,61,"> 4,500",—,—,—,61,8,,,,,100,70,,,
351,,,Furfural,EPA HHBP,,98-01-1,,,,,,,,,,,,,,0,13,,,,,3300,6,,,
352,,,Furilazole,EPA HHBP,,121776-33-8,,,,,,,,,,,,—,—,0,13,,,,,25,7,,,
353,,,Gamma Cyhalothrin,"OPP, EPA HHBP",gamma-Cyhalothrin,76703-62-3,,,,,,0.0145,—,0.00024,—,"> 2,850",—,,,0.00024,7,,,,,2079,42,,,
354,0,,Glufosinate,"OPP, EPA HHBP",Glufosinate-ammonium,77182-82-2,,,,,,"> 160,000",—,334000,32000,7800,1470,,,1470,10,,,,,,,,,
355,,,Glyphosate,"Table 40, 20, OPP",,,,,,,,21500,1800,26600,49900,12100,11900,—,—,1800,6,,,,,,,,,
356,0,,Glyphosate isopropylamine salt,OPP,,38641-94-0,,,,,,42450,—,—,—,—,—,—,—,42450,5,700,,,,,,,,
357,8,,HA Atrazine degradate,OPP,,2163-68-0,,,,,,"> 1,500",—,"> 2,050",—,"> 10,000",—,—,—,0,13,,,,,16500,700,,,
358,,,Halosulfuron methyl,EPA HHBP,,100784-20-1,,,,,,,,,,,,—,—,0,13,,,,,,,0.088888889,0.888888889,0.486111111
359,,83,Heptachlor,"Table 40, 20",,76448,y,0.0000079,0.0000079,0.52,0.0038,,,,,,,,,0.0000079,1,0.4,,0.053,0.0036,,,0.043956044,0.43956044,0.240384615
360,,84,Heptachlor Epoxide,"Table 40, 20",,1024573,y,0.0000039,0.0000039,0.52,0.0038,,,,,,,,,0.0000039,1,0.2,,0.053,0.0036,,,0.25,2.5,1.3671875
361,,85,Hexachlorobenzene,"Table 40, 20",,118741,y,0.000029,0.000029,--,--,,,,,,,,,0.000029,1,1,,--,--,,,5.128205128,51.28205128,28.04487179
362,,86,Hexachlorobutadiene,"Table 40, 20",,87683,y,0.36,1.8,--,--,,,,,,,,,0.36,1,,,--,--,,,0.2,2,1.09375
363,,87,Hexachlorocyclo-hexane-Technical,"Table 40, 20",,608731,y,0.0014,0.0015,--,--,,,,,,,,,0.0014,1,,,--,--,,,2400,24000,13125
364,,88,Hexachlorocyclopentadiene,"Table 40, 20",,77474,n,30,110,--,--,,,,,,,,,30,1,50,,--,--,,,28.57142857,285.7142857,156.25
365,,89,Hexachloroethane,"Table 40, 20",,67721,y,0.29,0.33,--,--,,,,,,,,,0.29,1,,,,,825,140,,,
366,,,Hexaconazole,EPA HHBP,,79983-71-4,,,,,,,,,,,,,,0,13,,,,,,,,,
367,0,,Hexaflumuron,OPP,,86479-06-3,,,,,,> 127.8,—,0.0555,—,—,—,,,0.0555,7,,,,,,,,,
368,0,,Hexazinone,OPP,,51235-04-2,,,,,,137000,17000,75800,20000,7,37.4,—,—,7,9,,,,,-,175,,,
369,0,,Hexythiazox,"OPP, EPA HHBP",,78587-05-0,,,,,,265,—,370,6.1,—,—,—,—,6.1,8,,,,,1650,119,,,
370,0,,Hydramethylnon,"OPP, EPA HHBP",,67485-29-4,,,,,,45,—,570,—,—,—,—,—,45,5,,,,,-,70,,,
371,,,Hydroxyatrazine,EPA HHBP,,2163-68-0,,,,,,,,,,,,—,—,0,13,,,,,,,,,
372,0,,Hymexazol,OPP,,10004-44-1,,,,,,"> 50,000",—,15400,—,40900,8800,,,8800,10,,,,,1650,175,,,
373,,,Imazalil,EPA HHBP,,35554-44-0,,,,,,,,,,,,—,—,0,13,,,,,,,,,
374,8,,Imazamox,OPP,,114311-32-9,,,,,,"> 59,500",—,"> 61,000",—,> 40,11,,,11,10,,,,,-,3500,,,
375,,,Imazapic,EPA HHBP,,104098-48-8,,,,,,,,,,,,—,—,0,13,,,,,-,17500,,,
376,"8,10",,Imazapyr,"OPP, EPA HHBP",,81334-34-1,,,,,,"> 50,000",43100,50000,97100,12000,24,,,24,10,,,,,-,1750,,,
377,,,Imazaquin Acid,EPA HHBP,,81335-37-7,,,,,,,,,,,,—,—,0,13,,,,,-,1750,,,
378,,,Imazaquin ammonium,EPA HHBP,,81335-47-9,,,,,,,,,,,,,,0,13,,,,,-,1750,,,
379,,,Imazaquin Sodium,EPA HHBP,,81335-46-8,,,,,,,,,,,,,,0,13,,,,,-,17500,,,
380,,,Imazethapyr,EPA HHBP,,81335-77-5,,,,,,,,,,,,,,0,13,,,,,1400,399,,,
381,,,Imidacloprid,EPA HHBP,,138261-41-3,,,,,,"> 41,500",1200,35,1.05,"> 10,000",—,,,1.05,8,,,,,1400,399,,,
382,8,,Imidacloprid,OPP,,105827-78-9,,,,,,"> 41,500",1200,35,1.05,"> 10,000",—,—,—,1.05,8,,,,,5000,140,,,
383,,,Indaziflam,EPA HHBP,,950782-86-2,,,,,,,,,,,,—,—,0,13,,,--,--,,,0.054794521,0.547945205,0.299657534
384,,90,"Indeno[1,2,3-cd]pyrene","Table 40, 20","Indeno(1,2,3-cd)pyrene",193395,y,0.0013,0.0018,--,--,,,,,,,,,0.0013,1,,,,,900,140,,,
385,,,Indoxacarb,EPA HHBP,,173584-44-6,,,,,,,,,,,,,,0,13,,,,,,,,,
386,0,,Iodomethane,OPP,,74-88-4,,,,,,665,—,285,—,—,—,,,285,7,,,,,31500,511,,,
387,,,Iodosulfuran Methyl-Sodium,EPA HHBP,,144550-36-7,,,,,,,,,,,,—,—,0,13,,,,,3300,105,,,
388,0,,Ipconazole,"OPP, EPA HHBP",Ipoconazole,125225-28-7,,,,,,765,0.18,850,—,—,—,,,0.18,6,,,,,6600,420,,,
389,"8,10",,Iprodione,"OPP, EPA HHBP",,36734-19-7,,,,,,1550,260,120,170,50,"> 124,640",—,—,50,9,,,,,-,183,,,
390,,,Iprovalicarb,EPA HHBP,,140923-17-7,,,,,,,,,,,,—,—,0,13,,,--,--,,,,,
391,,91,"Iron, Total recoverable",Table 40,Total RecoverableIron,7439896,,,,,1000,,,,,,,,,1000,4,,,--,--,,,421.0526316,4210.526316,2302.631579
392,,92,Isophorone,"Table 40, 20",,78591,y,27,96,--,--,,,,,,,,,27,1,,,,,,,,,
393,0,,Isoxaben,OPP,,82558-50-7,,,,,,> 550,400,> 650,690,"> 1,400",—,,,400,6,,,,,4950,231,,,
394,,,Isoxadifen-ethyl,EPA HHBP,,163520-33-0,,,,,,,,,,,,—,—,0,13,,,,,548,140,,,
395,8,,Isoxaflutole,"OPP, EPA HHBP",,141112-29-0,,,,,,> 850,—,> 750,—,110,4.9,,,4.9,10,,,,,,,,,
396,8,,Isoxaflutole - rpa202248,OPP,,- -,,,,,,"> 15,300",—,"> 29,800",—,5000,75,—,—,75,10,,,,,-,700,,,
397,,,Kasugamycin,EPA HHBP,,6980-18-3,,,,,,,,,,,,—,—,0,13,,,,,,,,,
398,0,,keto hydroxy Spirotetramat degradate,OPP,,- -,,,,,,—,—,"> 50,000",—,—,—,,,0,13,,,,,-,2520,,,
399,0,,Kresoxim methyl,"OPP, EPA HHBP",Kresoxim-methyl,143390-89-0,,,,,,95,87,166,55,29.2,> 305,—,—,29.2,9,,,,,561,56,,,
400,0,,Lactofen,"OPP, EPA HHBP",,77501-63-4,,,,,,230,1.4,2425,—,0.99,0.6,—,—,0.6,10,,,,,50,7,,,
401,0,,Lambda-cyhalothrin,"OPP, EPA HHBP",Lambda cyhalothrin,91465-08-6,,,,,,0.105,0.031,0.0035,0.002,> 310,—,—,—,0.002,8,,,,,,,,,
402,,93,"Lead, Dissolved",Table 30,,7439921,,,,hardness,hardness,,,,,,,—,—,3.2,4,15,,210,8.1,,,,,
403,0,,Limonene,OPP,,5989-27-5,,,,,,40000,—,19500,—,—,—,,,19500,7,,,,--,,,120,1200,656.25
404,,22,Lindane,"Table 40, 20, OPP","BHC Gamma (Lindane), Lindane (gamma HCH)",58899,n,0.17,0.18,0.95,0.08,0.85,2.9,0.5,54,—,—,—,—,0.08,4,0.2,,0.16,,3960,54,,,
405,8,,Linuron,"OPP, EPA HHBP",,330-55-2,,,,,,1500,5.58,60,0.09,13.7,2.5,0.95,—,0.09,8,,,,,-,63,,,
406,,,Magnesium chlorate,EPA HHBP,,10326-21-3,,,,,,,,,,,,—,—,0,13,,,--,,,,,,
407,,94,Malathion,"Table 40, 20, OPP",,121755,,--,--,--,0.1,16.4,8.6,0.3,0.035,2400,—,,,0.035,8,,,,0.1,4290,35,,,
408,0,,Mancozeb,"OPP, EPA HHBP",,2234562,,,,,,230,—,290,—,47,—,—,0.1,47,9,,,,,-,350,,,
409,0,,Mandipropamid,"OPP, EPA HHBP",,374726-62-2,,,,,,—,220,3550,—,"> 2,500","> 7,900",—,—,220,6,,,,,660,35,,,
410,0,,Maneb,"OPP, EPA HHBP",,12427-38-2,,,,,,21,—,60,—,13.4,—,—,—,13.4,9,,,--,--,,,,,
411,,95,"Manganese, Total recoverable","Table 40, 20",Total RecoverableManganese,7439965,n ,--,,--,--,,,,,,,—,—,100,2,,,,,,,,,
412,0,,MB45950 Fipronil degradate,OPP,,- -,,,,,,41.4,6.6,1.07,0.11,140,> 100,,,0.11,8,,,,,,,,,
413,0,,MB46136 Fipronil degradate,OPP,,- -,,,,,,12.5,0.67,0.36,0.037,140,> 100,—,—,0.037,8,,,,,,,,,
414,0,,MB46513 Fipronil degradate,OPP,,- -,,,,,,10,0.59,100,10.3,140,> 100,—,—,0.59,6,,,,,,,,,
415,11,,MCPA acid,OPP,,94-74-6,,,,,,—,—,—,—,300,170,—,—,170,10,,,,,,,,,
416,11,,MCPA DMAS,OPP,,- -,,,,,,48000,12000,41000,11000,160,130,—,—,130,10,,,,,,,,,
417,11,,MCPA EHE,OPP,,- -,,,,,,380,—,90,—,170,20,—,—,20,10,,,,,,,,,
418,"8,11",,MCPA sodium salt,OPP,,- -,,,,,,"> 34,000",—,"> 92,000",—,—,—,—,—,0,13,,,,,,,,,
419,0,,MCPB,OPP,,6062-26-6,,,,,,1950,—,25000,—,380,210,—,—,210,10,,,,,2000,31,,,
420,,,MCPB Acid,EPA HHBP,,94-81-5,,,,,,,,,,,,—,—,0,13,,,,,2000,105,,,
421,,,MCPB Sodium Salt,EPA HHBP,,6062-26-6,,,,,,,,,,,,,,0,13,,,,,17500,280,,,
422,,,MCPP-p,EPA HHBP,,7085-19-0,,,,,,,,,,,,,,0,13,,,,,,,,,
423,10,,MCPP-p acid,OPP,,16484-77-8,,,,,,—,—,"> 45,500",50800,—,—,,,50800,8,,,,,,,,,
424,8,,MCPP-p DMAS,OPP,,66423-9-4,,,,,,"> 46,500",—,—,—,14,1300,—,—,14,9,,,,,-,519,,,
425,8,,Mefenoxam,"OPP, EPA HHBP",,70630-17-0,,,,,,"> 60,500",—,20950,100,—,77000,—,—,100,8,,,,,-,3570,,,
426,,,Mefenpyr-diethyl,EPA HHBP,,135591-00-3,,,,,,,,,,,,—,—,0,13,,,,,5800,105,,,
427,,,Mefluidide,EPA HHBP,,53780-34-0,,,,,,,,,,,,,,0,13,,,,,1950,1365,,,
428,,,Mepiquat Chloride,EPA HHBP,,24307-26-4,,,,,,,,,,,,,,0,13,,,,,-,35,,,
429,,,Meptyldinocap,EPA HHBP,,131-72-6,,,,,,,,,,,,,,0,13,,,,,,,,,
430,,96,Mercury,"Table 40, 20",,7439976,,--,--,2.4,0.012,,,,,,,,,0.012,4,2,,2.1,0.025,-,10850,,,
431,,,Mesosulfuron methyl,EPA HHBP,,208465-21-8,,,,,,,,,,,,,,0,13,,,,,-,49,,,
432,0,,Mesotrione,"OPP, EPA HHBP",,104206-82-8,,,,,,"> 60,000",11000,420000,180000,1900,9.8,,,9.8,10,,,,,,,,,
433,8,,Metalaxyl,OPP,,57837-19-1,,,,,,65000,9100,14000,100,140000,92000,—,—,100,8,,,,,750,70,,,
434,,,Metaldehyde,EPA HHBP,,9002-91-9,,,,,,34500,—,"> 38,330",—,—,—,—,—,34500,5,,,,,750,70,,,
435,0,,Metaldehyde,OPP,,108-62-3,,,,,,34500,—,"> 38,330",—,—,—,—,—,34500,5,,,,,,,,,
436,0,,Metam sodium,OPP,,137-42-8,,,,,,25.6,—,27.5,—,254,590,—,—,25.6,5,,,,,3960,280,,,
437,,,Metconazole,EPA HHBP,,125116-23-6,,,,,,,,,,,,—,—,0,13,,,,,30,2,,,
438,"8,9",,Methamidophos,"OPP, EPA HHBP",,10265-92-6,,,,,,12500,48.9,13,4.5,"> 50,000",—,,,4.5,8,,,,,,,,,
439,0,,"Methanearsonic acid, disodium salt DSMA",OPP,,144-21-8,,,,,,"> 56,000",—,76500,—,1500,72700,—,—,1500,9,,,,,,,,,
440,0,,"Methanearsonic acid, sodium salt MSMA",OPP,,2163-80-6,,,,,,6650,—,38750,—,2800,53000,—,—,2800,9,,,,,20,11,,,
441,10,,Methidathion,"OPP, EPA HHBP",,950-37-8,,,,,,1.1,6.3,1.5,0.66,—,—,—,—,0.66,8,,,,,,,,,
442,0,,Methiocarb,OPP,,2032-65-7,,,,,,218,50,3.5,0.1,—,—,—,—,0.1,8,,,,,,,,,
443,9,,Methomyl,OPP,,16752-77-5,,,,,,160,12,2.5,0.7,—,—,—,—,0.7,8,,,,,,,,,
444,0,,Methoprene,OPP,,40596-69-8,,,,,,380,48,165,51,—,—,—,—,48,6,,,--,,,,,,
445,,97,Methoxychlor,"Table 40, 20",Methoxychlor ,72435,n,100,--,--,0.03,7.5,—,0.7,—,—,—,—,—,0.03,4,40,,,0.03,-,714,,,
446,,,Methoxyfenozide,EPA HHBP,,161050-58-4,,,,,,,,,,,,—,—,0,13,,,--,--,4620,140,560,5600,3062.5
447,,98,Methyl Bromide,"Table 40, 20, OPP, EPA HHPB",,74839,n,37,150,--,--,1950,100,1300,—,2200,—,,,37,1,,,,,,,,,
448,0,,Methyl isothiocyanate,OPP,,556-61-6,,,,,,26.55,—,38,—,254,590,—,—,26.55,5,,,,,,,,,
449,0,,Methyl paraoxon,OPP,,950-35-6,,,,,,—,—,1.15,1,—,—,—,—,1,8,,,,,,,,,
450,13,,Methyl parathion,OPP,,298-00-0,,,,,,925,< 10,0.49,0.25,15000,18000,—,—,0.25,8,,,--,--,,,156,1560,853.125
451,,99,"Methyl-4,6-dinitrophenol 2","Table 40, 20",,534521,n,9.2,28,--,--,,,,,,,—,—,9.2,1,,,--,--,,,53.33333333,533.3333333,291.6666667
452,,100,Methylene Chloride,"Table 40, 20",,75092,y,4.3,59,--,--,,,,,,,,,4.3,1,,,--,--,,,40,400,218.75
453,,101,Methylmercury (mg/kg) ,"Table 40, 20",,22967926,n,--,0.040 mg/kg,--,--,,,,,,,,,40,11,,,,,330,3,,,
454,,,Metiram,EPA HHBP,,9006-42-2,,,,,,,,,,,,,,0,13,,,,,,,,,
455,0,,Metolachlor,OPP,,51218-45-2,,,,,,1600,1000,550,1,8,21,,,1,8,,,,,,,,,
456,8,,Metolachlor ESA,OPP,,- -,,,,,,24000,—,"> 54,000",—,"> 99,450","> 95,100",—,—,24000,5,,,,,,,,,
457,8,,Metolachlor OA,OPP,,- -,,,,,,"> 46,550",—,7700,—,57100,"> 95,100",—,—,7700,7,,,,,-,1750,,,
458,,,Metrafenone,EPA HHBP,,220899-03-6,,,,,,,,,,,,—,—,0,13,,,,,,,,,
459,0,,Metribuzin,OPP,,21087-64-9,,,,,,21000,3000,2100,1290,8.7,130,,,8.7,9,,,,,,,,,
460,0,,Metsulfuron,OPP,,79510-48-8,,,,,,"> 75,000",4500,"> 75,000",—,31,0.36,—,—,0.36,10,,,,,10,2,,,
461,,,Mevinphos,EPA HHBP,,7786-34-7,,,,,,,,,,,,—,—,0,13,,,,,33000,427,,,
462,,,MGK 264,EPA HHBP,,113-48-4,,,,,,,,,,,,,,0,13,,,--,,,,,,
463,,102,Mirex,"Table 40, 20",,2385855,,--,--,--,0.001,,,,,,,,,0.001,4,,,,0.001,,,,,
464,10,,Molinate,OPP,,2212-67-1,,,,,,105,390,170,340,220,3300,,,105,5,,,,,1000,210,,,
465,,,Monosodium acid methanearsonate (MMA),EPA HHBP,,2163-80-6,,,,,,,,,,,,—,—,0,13,,,,,1000,210,,,
466,,,MSMA-calcium salt,EPA HHBP,,5902-95-4,,,,,,,,,,,,,,0,13,,,,,19800,175,,,
467,0,,Myclobutanil,"OPP, EPA HHBP",,88671-89-0,,,,,,1200,980,5500,—,830,—,,,830,9,,,,,100,14,,,
468,0,,Naled,"OPP, EPA HHBP",,300-76-5,,,,,,46,2.9,—,0.045,25,"> 1,800",—,—,0.045,8,,,,,-,840,,,
469,0,,Napropamide,"OPP, EPA HHBP",,15299-99-7,,,,,,3200,1100,7150,1100,3400,—,—,—,1100,6,,,,,5000,1050,,,
470,,,Napthalene Acetates,EPA HHBP,,"86-86-2, 86-87-3, 15165-79-4, 25545-89-5, 2122-70-5, 61-31-4",,,,,,,,,,,,—,—,0,13,,,,,,,8000,80000,43750
471,,103,"Nickel, Total recoverable",Table 40,,7440020,n,140,170,,,,,,,,,,,140,1,,,,,,,,,
472,0,,Niclosamide,OPP,,1420-04-8,,,,,,15,—,17,56,41,—,,,15,5,,,,,-,8750,,,
473,,,Nicosulfuron,EPA HHBP,,111991-09-4,,,,,,,,,,,,—,—,0,13,,,,,-,210,,,
474,,,Nitrapyrin,EPA HHBP,,1929-82-4,,,,,,,,,,,,,,0,13,,,--,--,,,,,
475,,104,Nitrates ,"Table 40, 20",,14797558,n,10000,--,--,--,,,,,,,,,10000,1,10000,,,,,,,,
476,,,Nitrite (as N),"Table 40, 20",,,,,,,,,,,,,,,,0,13,1000,,--,--,,,200,2000,1093.75
477,,105,Nitrobenzene,"Table 40, 20",,98953,n,14,69,--,--,,,,,,,,,14,1,,,--,--,,,0.009203866,0.092038656,0.05033364
478,,106,Nitrosamines,"Table 40, 20",,35576911,y,0.00079,0.046,--,--,,,,,,,,,0.00079,1,,,--,--,,,0.073664825,0.73664825,0.402854512
479,,107,"Nitrosodibutylamine, N","Table 40, 20",,924163,y,0.005,0.022,--,--,,,,,,,,,0.005,1,,,--,--,,,0.009203866,0.092038656,0.05033364
480,,108,"Nitrosodiethylamine, N","Table 40, 20",,55185,y,0.00079,0.046,--,--,,,,,,,,,0.00079,1,,,--,--,,,0.007843137,0.078431373,0.042892157
481,,109,"Nitrosodimethylamine, N","Table 40, 20",,62759,y,0.00068,0.3,--,--,,,,,,,,,0.00068,1,,,--,--,,,0.057142857,0.571428571,0.3125
482,,110,"Nitrosodi-n-propylamine, N","Table 40, 20",,621647,y,0.0046,0.051,--,--,,,,,,,,,0.0046,1,,,--,--,,,81.63265306,816.3265306,446.4285714
483,,111,"Nitrosodiphenylamine, N","Table 40, 20",,86306,y,0.55,0.6,--,--,,,,,,,,,0.55,1,,,--,--,,,0.187793427,1.877934272,1.026995305
484,,112,"Nitrosopyrrolidine, N","Table 40, 20",,930552,y,0.016,3.4,--,--,,,,,,,,,0.016,1,,,,,3300,105,,,
485,8,,Norflurazon,"OPP, EPA HHBP",,27314-13-2,,,,,,4050,770,"> 7,500",1000,9.7,58.2,,,9.7,9,,,,,-,77,,,
486,,,Novaluron,EPA HHBP,,116714-46-6,,,,,,,,,,,,—,—,0,13,,,,,,,,,
487,0,,OA (CGA-51202) S-Metolachlor degradate,OPP,,- -,,,,,,"> 48,150",—,7700,—,57100,—,,,7700,7,,,,,-,350,,,
488,0,,Orthosulfamuron,"OPP, EPA HHBP",,213464-77-8,,,,,,"> 61,000",6100,"> 48,650",6500,80,0.7,—,—,0.7,10,,,,,8250,980,,,
489,8,,Oryzalin,"OPP, EPA HHBP",,19044-88-3,,,,,,1440,220,750,358,42,> 15.4,—,—,42,9,,,,,,,,,
490,0,,Oxadiazon,OPP,,19666-30-9,,,,,,440,0.88,1090,30,5.2,41,—,—,0.88,6,,,,,,,,,
491,,,Oxamyl,"Table 40, 20, OPP",Oxamyl (Vydate),,,,,,,2100,770,90,27,120,30000,—,—,27,8,200,,,,,,,,
492,0,,Oxanilic acid Alachlor degradate,OPP,,- -,,,,,,50000,—,47500,—,—,—,—,—,47500,7,,,,,80,0.7,,,
493,"8,9",,Oxydemeton methyl,"OPP, EPA HHBP",Oxydemeton-methyl,301-12-2,,,,,,365,5,95,46,"> 100,000",—,—,—,5,6,,,,,-,210,,,
494,0,,Oxyfluorfen,"OPP, EPA HHBP",,42874-03-3,,,,,,102,1.3,40,13,0.29,0.35,—,—,0.29,9,,,,,,,,,
495,8,,Oxypyrimidine Diazinon degradate,OPP,,4562-27-0,,,,,,"> 50,500",—,"> 51,000",—,"> 109,000",—,—,—,0,13,,,,,-,4,,,
496,,,Oxytetracycline,EPA HHBP,,79-57-2,,,,,,,,,,,,—,—,0,13,,,,,-,4,,,
497,,,Oxytetracycline calcium,EPA HHBP,,7179-50-2,,,,,,,,,,,,,,0,13,,,,,-,4,,,
498,,,Oxytetracycline hydrochloride,"OPP, EPA HHBP",Oxytetracycline (hydrochloride salt),2058-46-0,,,,,,"> 47,450",—,"> 51,000",—,—,—,,,0,13,,,,,,,,,
499,0,,Paclobutrazol,OPP,,76738-62-0,,,,,,11800,—,8000,—,41500,—,—,—,8000,7,,,,,,,,,
500,0,,Paraquat (dication),OPP,,1910-42-5,,,,,,6000,< 369,600,< 36.9,0.396,71,—,—,0.396,9,,,--,--,,,,,
501,,113,Parathion,"Table 40, 20",,56382,,--,--,0.065,0.013,,,,,,,—,—,0.013,4,,,,,-,700,,,
502,,,"PCNB, Pentachloronitrobenzene (Quintozene)",EPA HHBP,,82-68-8,,,,,,,,,,,,,,0,13,,,,,5000,49,,,
503,0,,Pebulate,"OPP, EPA HHBP",,1114-71-2,,,,,,3150,—,3315,—,230,1800,,,230,9,,,,,-,210,,,
504,0,,Pendimethalin,"OPP, EPA HHBP",,40487-42-1,,,,,,69,6.3,140,14.5,5.2,12.5,—,—,5.2,9,,,,,-,1029,,,
505,,,Penoxsulam,EPA HHBP,,219714-96-2,,,,,,,,,,,,—,—,0,13,,,--,--,,,320,3200,1750
506,,114,Pentachlorobenzene,"Table 40, 20",,608935,n,0.15,0.15,--,--,,,,,,,,,0.15,1,,,,--,,,3.333333333,33.33333333,18.22916667
507,,115,Pentachlorophenol,"Table 40, 20",,87865,y,0.15,0.3,pH dependent,pH dependent,,,,,,,,,0.15,1,1,,13,7.9,2500,1750,,,
508,16,,Permethrin,"OPP, EPA HHBP",,52645-53-1,,,,,,0.395,0.0515,0.01,0.0014,68,—,,,0.0014,8,,,,,-,1680,,,
509,,,Phenmedipham,EPA HHBP,,13684-63-4,,,,,,,,,,,,—,—,0,13,,,--,--,,,120000,1200000,656250
510,,116,Phenol,"Table 40, 20",,108952,n,9400,86000,--,--,,,,,,,,,9400,1,,,,,6600,1400,,,
511,,,PHMB,EPA HHBP,,32289-58-0,,,,,,,,,,,,,,0,13,,,,,25,4,,,
512,8,,Phorate,"OPP, EPA HHBP",,298-02-2,,,,,,1.18,0.34,0.3,0.21,"> 1,300",—,,,0.21,8,,,,,356,42,,,
513,8,,Phosmet,"OPP, EPA HHBP",,732-11-6,,,,,,35,3.2,1,0.8,34,"> 1,800",—,—,0.8,8,,,--,,,,,,
514,,117,Phosphorus Elemental,"Table 40, 20",,7723140,,--,--,--,--,,,,,,,—,—,0,13,,,,0.1,,,,,
515,,,Picloram,"Table 40, 20",,,,,,,,6500,550,34150,11800,4900,—,,,550,6,500,,,,,,,,
516,0,,Picloram acid,OPP,,6607,,,,,,2750,—,17200,—,36900,—,—,—,2750,5,,,,,,,,,
517,0,,Picloram potassium salt,OPP,,6607,,,,,,6500,550,34150,11800,—,—,—,—,550,6,,,,,,,,,
518,0,,Picloram TIPA salt,OPP,,6607,,,,,,187500,—,—,—,—,—,—,—,187500,5,,,,,9900,2100,,,
519,0,,Pinoxaden,"OPP, EPA HHBP",,243973-20-8,,,,,,10000,—,—,—,1200,4300,—,—,1200,9,,,,,,,,,
520,8,,Pinoxaden (NOA 447204),OPP,,- -,,,,,,"> 60,000",—,"> 60,000",—,95600,"> 93,500",—,—,95600,9,,,,,,,,,
521,8,,Pinoxaden (NOA 497854),OPP,,- -,,,,,,"> 51,500",> 960,"> 50,500",5800,"> 100,000",10000,—,—,5800,8,,,,,,,,,
522,0,,Piperalin,OPP,,3478-94-2,,,,,,385,—,945,—,—,—,—,—,385,5,,,,,63000,1085,,,
523,0,,Piperonyl butoxide,"OPP, EPA HHBP",,51-03-6,,,,,,950,40,225,30,—,—,—,—,30,8,,,,,,,,,
524,0,,Pirimicarb,OPP,,23103-98-2,,,,,,14500,—,9.5,—,—,—,—,—,9.5,7,,,,,150,1,,,
525,0,,Pirimiphos methyl,"OPP, EPA HHBP",Pirimiphos-methyl,029232-93-7,,,,,,202,180,55,—,1200,—,—,—,55,7,,,,,,,,,
526,0,,Polybutene17,OPP,,9003-29-6,,,,,,—,—,—,—,—,—,—,—,0,13,,,,,,,0.2,2,1.09375
527,,118,Polychlorinated Biphenyls (PCBs) ,"Table 40, 20",,NA ,y,0.0000064,0.0000064,2,0.014,,,,,,,—,—,0.0000064,1,0.5,,10,0.03,-,63,,,
528,,,Potassium chlorate,EPA HHBP,,698078,,,,,,,,,,,,,,0,13,,,,,5800,105,,,
529,,,Potassium Mefluidide,EPA HHBP,,83601-83-6,,,,,,,,,,,,,,0,13,,,,,500,350,,,
530,0,,Prallethrin,"OPP, EPA HHBP",,23031-36-9,,,,,,6,3,3.1,0.325,—,—,,,0.325,8,,,,,-,1750,,,
531,,,Primisulfuron-methyl,EPA HHBP,,86209-51-0,,,,,,,,,,,,—,—,0,13,,,,,1155,-,,,
532,,,Procymidone,EPA HHBP,,32809-16-8,,,,,,,,,,,,,,0,13,,,,,50,0.4,,,
533,0,,Profenofos,"OPP, EPA HHBP",,41198-08-7,,,,,,7.05,2,0.465,0.2,—,—,,,0.2,8,,,,,-,1400,,,
534,,,Prohexadione calcium,EPA HHBP,,127277-53-6,,,,,,,,,,,,—,—,0,13,,,,,,,,,
535,10,,Prometon,OPP,,1610-18-0,,,,,,6000,9500,12850,3500,98,624,,,98,9,,,,,3960,280,,,
536,0,,Prometryn,"OPP, EPA HHBP",,7287-19-6,,,,,,1450,620,9295,1000,1,11.8,—,—,1,9,,,,,,,,,
537,0,,Propachlor,OPP,,1918-16-7,,,,,,85,—,395,—,13.5,—,—,—,13.5,9,,,,,20000,840,,,
538,,,Propamocarb hydrochloride,EPA HHBP,,25606-41-1,,,,,,,,,,,,—,—,0,13,,,,,-,63,,,
539,0,,Propanil,"OPP, EPA HHBP",,709-98-8,,,,,,1150,9.1,600,86,16,110,,,9.1,6,,,,,2640,280,,,
540,0,,Propargite,"OPP, EPA HHBP",,2312-35-8,,,,,,59,16,37,9,66.2,75000,—,—,9,8,,,,,,,,,
541,0,,Propazine,OPP,,139-40-2,,,,,,—,720,"> 2,660",47,24.8,100,—,—,24.8,9,,,,,5,4,,,
542,0,,Propetamphos,"OPP, EPA HHBP",,31218-83-4,,,,,,94,—,1.65,—,—,—,—,—,1.65,7,,,,,3000,700,,,
543,0,,Propiconazole,"OPP, EPA HHBP",,60207-90-1,,,,,,425,95,650,260,21,4828,—,—,21,9,,,,,,,,,
544,0,,Propionic acid,OPP,,79-09-4,,,,,,25500,—,11350,—,—,—,—,—,11350,7,,,,,,,,,
545,0,,Propoxur,OPP,,114-26-1,,,,,,1850,—,5.5,—,—,—,—,—,5.5,7,,,,,-,5236,,,
546,,,Propoxycarbazone sodium,EPA HHBP,,181274-15-7,,,,,,,,,,,,—,—,0,13,,,,,6930,7,,,
547,,,Propylene oxide,EPA HHBP,,75-56-9,,,,,,,,,,,,,,0,13,,,,,,,,,
548,"8,9",,Propyzamide,OPP,pronamide,23950-58-5,,,,,,36000,7700,"> 2,800",600,"> 4,000",1180,,,600,8,,,,,1000,371,,,
549,,,Prosulfuron,EPA HHBP,,94125-34-5,,,,,,,,,,,,—,—,0,13,,,,,660,70,,,
550,,,Prothioconazole,EPA HHBP,,178928-70-6,,,,,,,,,,,,,,0,13,,,,,80,56,,,
551,,,Pymetrozine,EPA HHBP,,123312-89-0,,,,,,,,,,,,,,0,13,,,,,1650,238,,,
552,0,,Pyraclostrobin,"OPP, EPA HHBP",,175013-18-0,,,,,,3.1,2.35,7.85,4,1.5,1720,,,1.5,9,,,,,-,1400,,,
553,,,Pyraflufen ethyl,EPA HHBP,,129630-19-9,,,,,,,,,,,,—,—,0,13,,,,,380,70,,,
554,0,,Pyrasulfotole,"OPP, EPA HHBP",,365400-11-9,,,,,,"> 48,000",580,"> 47,900",12800,8300,28,,,28,10,,,,,-,1260,,,
555,,,Pyrazon,EPA HHBP,,1698-60-8,,,,,,,,,,,,—,—,0,13,,,--,--,,,12000,120000,65625
556,,119,Pyrene,"Table 40, 20",,129000,n,290,400,--,--,,,,,,,,,290,1,,,,,700,308,,,
557,0,,Pyrethrin,"OPP, EPA HHBP",Pyrethrins,8003-34-7,,,,,,2.55,1.9,5.8,0.86,—,—,,,0.86,8,,,,,440,35,,,
558,0,,Pyridaben,"OPP, EPA HHBP",,96489-71-3,,,,,,0.36,0.087,0.265,0.044,> 665,> 16.2,0,0,0.044,8,,,,,-,238,,,
559,0,,Pyridalyl,"OPP, EPA HHBP",,179101-81-6,,,,,,250,49,2.1,4.4,—,—,—,—,2.1,7,,,,,2000,770,,,
560,,,Pyridate,EPA HHBP,,55512-33-9,,,,,,,,,,,,0,0,0,13,,,,,10000,1190,,,
561,0,,Pyrimethanil,"OPP, EPA HHBP",,53112-28-0,,,,,,5050,20,1500,1000,1800,7800,,,20,6,,,,,-,2450,,,
562,0,,Pyriproxyfen,"OPP, EPA HHBP",,95737-68-1,,,,,,> 163,4.3,200,0.015,56,> 180,—,—,0.015,8,,,,,-,7000,,,
563,0,,Pyroxsulam,"OPP, EPA HHBP",,422556-08-9,,,,,,"> 43,500",10100,"> 49,500",10400,111,2.57,—,—,2.57,10,,,,,66000,2660,,,
564,0,,Quinclorac,"OPP, EPA HHBP",Quinchlorac,84087-01-4,,,,,,15800,16000,14900,110000,> 500,> 500,—,—,14900,7,,,,,-,1400,,,
565,,,Quinoxyfen,EPA HHBP,,124495-18-7,,,,,,,,,,,,—,—,0,13,,,,,-,63,,,
566,,,Quizalofop-P ethyl,EPA HHBP,,100646-51-3,,,,,,,,,,,,,,0,13,,,,,,,,,
567,0,,Quizalofop-p-ethyl,OPP,,76578-14-8,,,,,,230,11,1060,—,"> 1,770",> 82.8,,,11,6,,,,,-,245,,,
568,0,,Resmethrin,"OPP, EPA HHBP",,10453-86-8,,,,,,0.14,0.32,1.55,—,—,—,—,—,0.14,5,,,,,-,5726,,,
569,,,Rimsulfuron,"OPP, EPA HHBP",Rimsulfuran,122931-48-0,,,,,,"> 195,000",—,"> 180,000",—,> 29,11.6,—,—,11.6,10,,,,,495,3,,,
570,10,,Rotenone,"OPP, EPA HHBP",,83-79-4,,,,,,0.97,1.01,1.85,1.25,—,—,—,—,0.97,5,,,,,50000,322,,,
571,,,Saflufenacil,EPA HHBP,,-,,,,,,,,,,,,—,—,0,13,,,,,,,2000,20000,10937.5
572,,120,"Selenium, Total recoverable",Table 40,,7782492,n,120,420,,,,,,,,,,,35,4,50,,,,18000,980,,,
573,0,,Sethoxydim,"OPP, EPA HHBP",,74051-80-2,,,,,,85000,—,39050,—,—,> 281,,,39050,7,,,,,-,1050,,,
574,0,,Siduron,"OPP, EPA HHBP",,1982-49-6,,,,,,4050,15,6850,6,212,212,—,—,6,8,,,,,,,,,
575,,121,"Silver, Dissolved",Table 30,,7440224,,,,hardness,0.1,,,,,,,—,—,0.12,4,,,1.9,,,,,,
576,,,Simazine,"Table 40, 20, OPP",,,,,,,,3200,960,500,2000,36,140,,,36,9,4,,,,,,,,
577,0,,S-Metolachlor,OPP,,51218-45-2 / 87392-12-9,,,,,,1600,30,1900,4900,8,21,—,—,8,9,,,,,,,,,
578,0,,Sodium acifluorfen,OPP,,62476-59-9,,,,,,8500,0.57,14050,—,"> 355,000",378000,—,—,0.57,6,,,,,-,210,,,
579,,,Sodium Chlorate,EPA HHBP,,2146053,,,,,,"> 500,000",—,460000,500000,133000,43000,—,—,43000,10,,,,,-,210,,,
580,0,,Sodium chlorate,OPP,,89-97-4,,,,,,"> 500,000",—,460000,500000,133000,43000,—,—,43000,10,,,,,,,,,
581,0,,Sodium cyanide,OPP,,143-33-9,,,,,,94,—,—,—,—,—,—,—,94,5,,,,,-,3500,,,
582,,,Sodium Dodecylbenzene Sulfonate,EPA HHBP,,25155-30-0,,,,,,,,,,,,—,—,0,13,,,,,,,,,
583,0,,Sodium fluoroacetate,OPP,,62-74-8,,,,,,27000,—,175000,—,—,—,,,27000,5,,,,,,,,,
584,0,,Sodium Tetrathiocarbonate,OPP,,7345-69-9,,,,,,3350,—,3300,—,17000,—,—,—,3300,7,,,,,-,174,,,
585,,,Spinetoram,EPA HHBP,,"187166-40-1, 187166-15-0",,,,,,,,,,,,—,—,0,13,,,,,-,174,,,
586,0,,Spinosad,"OPP, EPA HHBP",,131929-60-7,,,,,,2970,498,7000,0.6,90,10600,,,0.6,8,,,,,-,98,,,
587,,,Spirodiclofen,EPA HHBP,,148477-71-8,,,,,,,,,,,,—,—,0,13,,,,,-,154,,,
588,,,Spiromesifen,EPA HHBP,,283594-90-1,,,,,,,,,,,,,,0,13,,,,,,,,,
589,0,,Spirotetramat,OPP,,20313-25-5,,,,,,705,534,330,100,4050,4490,,,100,8,,,,,1000,175,,,
590,,,Spiroxamine,EPA HHBP,,118134-30-8,,,,,,,,,,,,—,—,0,13,,,,,-,350,,,
591,,,Streptomycin,EPA HHBP,,57-92-1,,,,,,,,,,,,,,0,13,,,,,-,350,,,
592,,,Streptomycin Sesquisulfate,EPA HHBP,,3810-74-0,,,,,,,,,,,,,,0,13,,,,,,,,,
593,,,Styrene,"Table 40, 20",,,,,,,,,,,,,,,,0,13,100,,,,4620,700,,,
594,0,,Sulfentrazone,"OPP, EPA HHBP",,122836-35-5,,,,,,46900,2950,30200,200,1.8,28.8,,,1.8,9,,,--,,,,,,
595,,122,Sulfide Hydrogen Sulfide,"Table 40, 20",,7783064,,--,--,--,2,,,,,,,—,—,2,4,,,,2,2750,1925,,,
596,0,,Sulfometuron methyl,"OPP, EPA HHBP",Sulfometuron-Methyl,74222-97-2,,,,,,"> 74,000",—,"> 75,000",97000,4.6,0.48,,,0.48,10,,,,,10000,1750,,,
597,,,Sulfosate (Glyphosate-trimesium),EPA HHBP,,81591-81-3,,,,,,,,,,,,—,—,0,13,,,,,-,1680,,,
598,8,,Sulfosulfuron,"OPP, EPA HHBP",,141776-32-1,,,,,,"> 45,000",100000,"> 48,000",102000,400,1,,,1,10,,,,,-,560,,,
599,,,Sulfuryl fluoride,EPA HHBP,,2699-79-8,,,,,,,,,,,,—,—,0,13,,,,,,,,,
600,0,,Sumithrin,OPP,,26002-80-2,,,,,,7.9,1.1,2.2,0.47,—,—,,,0.47,8,,,,,50,35,,,
601,0,,Tau-Fluvalinate,"OPP, EPA HHBP",,102851-06-9,,,,,,0.175,—,0.47,0.1,—,—,—,—,0.1,8,,,,,2500,70,,,
602,,,TCMTB (Busan 72),EPA HHBP,,21564-17-0,,,,,,,,,,,,—,—,0,13,,,,,290,203,,,
603,0,,Tebuconazole,"OPP, EPA HHBP",,107534-96-3,,,,,,1135,12,1440,120,1450,151.5,,,12,6,,,,,-,126,,,
604,0,,Tebufenozide,"OPP, EPA HHBP",,112410-23-8,,,,,,1500,< 48,1900,4.3,> 740,—,—,—,4.3,8,,,,,2,0.1,,,
605,0,,Tebupirimphos,"OPP, EPA HHBP",Phostebupirim (Tebupirimphos),96182-53-5,,,,,,44.5,130,0.039,0.011,630,8800,—,—,0.011,8,,,,,,,,,
606,0,,Tebuthiuron,OPP,,34014-18-1,,,,,,53000,9300,148500,21800,50,135,—,—,50,9,,,,,,,,,
607,0,,Telone,OPP,,542-75-6,,,,,,540,—,45,70,7900,20000,—,—,45,7,,,,,8,3,,,
608,,,Tembotrione,EPA HHBP,,335104-84-2,,,,,,,,,,,,—,—,0,13,,,,,,,,,
609,0,,Temephos,OPP,,3383-96-8,,,,,,1745,—,5,—,—,—,,,5,7,,,,,5000,350,,,
610,,,Tepraloxydim,EPA HHBP,,149979-41-9,,,,,,,,,,,,—,—,0,13,,,,,,,,,
611,0,,Terbacil,OPP,,5902-51-2,,,,,,23100,1200,32500,640,11,140,,,11,9,,,,,,,,,
612,10,,Terbufos,OPP,,13071-79-9,,,,,,0.385,0.64,0.1,0.03,—,—,—,—,0.03,8,,,,,,,,,
613,0,,Terbuthylazine,OPP,,5915-41-3,,,,,,1700,—,25450,—,—,—,—,—,1700,5,,,,,4950,112,,,
614,,,Terrazole,EPA HHBP,,2593-15-9,,,,,,,,,,,,—,—,0,13,,,--,--,,,120,1200,656.25
615,,123,"Tetrachlorobenzene, 1,2,4,5-","Table 40, 20",,95943,n,0.11,0.11,--,--,,,,,,,,,0.11,1,,,--,--,,,2,20,10.9375
616,,124,"Tetrachloroethane 1,1,2,2","Table 40, 20",,79345,y,0.12,0.4,--,--,,,,,,,,,0.12,1,,,--,--,,,10.05631537,100.5631537,54.99547466
617,,125,Tetrachloroethylene,"Table 40, 20",,127184,y,0.24,0.33,--,--,,,,,,,,,0.24,1,5,,,,,,,,
618,0,,Tetrachlorovinphos,OPP,,22248-79-9,,,,,,265,—,0.95,—,510,—,,,0.95,7,,,,,670,296,,,
619,,,Tetrachlorvinphos,EPA HHBP,,961-11-5,,,,,,,,,,,,—,—,0,13,,,,,5000,51,,,
620,,,Tetraconazole,EPA HHBP,,112281-77-3,,,,,,,,,,,,,,0,13,,,,,,,,,
621,0,,Tetramethrin,OPP,,7696-12-0,,,,,,1.85,—,22.5,—,—,—,,,1.85,5,,,,,,,,,
622,0,,TFM (3-Trifluoromethyl-4-nitrophenol),OPP,,88-30-2,,,,,,300,—,1900,—,1200,—,—,—,300,5,,,--,--,,,27.2,272,148.75
623,,126,"Thallium, Total recoverable","Table 40, 20",,7440280,n,0.043,0.047,--,--,,,,,,,—,—,0.043,1,2,,,,-,231,,,
624,,,Thiabendazole,EPA HHBP,,148-79-8,,,,,,,,,,,,,,0,13,,,,,100,28,,,
625,,,Thiacloprid,EPA HHBP,,111988-49-9,,,,,,,,,,,,,,0,13,,,,,3500,84,,,
626,0,,Thiamethoxam,"OPP, EPA HHBP",,153719-23-4,,,,,,"> 50,000",20000,17.5,—,"> 97,000","> 90,000",,,17.5,7,,,,,-,275,,,
627,,,Thidiazuron,EPA HHBP,,51707-55-2,,,,,,,,,,,,—,—,0,13,,,,,-,8190,,,
628,0,,Thiencarbazone-methyl,"OPP, EPA HHBP",,317815-83-1,,,,,,"> 52,000",4800,"> 47,000",3540,298,0.8,,,0.8,10,,,,,52470,301,,,
629,,,Thifensulfuron methyl,EPA HHBP,,79277-27-1,,,,,,,,,,,,—,—,0,13,,,,,,,,,
630,0,,Thiobencarb,OPP,,28249-77-6,,,,,,280,—,50,1,17,770,,,1,8,,,,,330,210,,,
631,0,,Thiodicarb,"OPP, EPA HHBP",,59669-26-0,,,,,,605,25,2.7,9,"> 8,300",—,—,—,2.7,7,,,,,6600,187,,,
632,0,,Thiophanate methyl,"OPP, EPA HHBP",Thiophanate-methyl,23564-05-8,,,,,,4150,2,2700,3,930,"> 4,700",—,—,2,6,,,,,462,105,,,
633,10,,Thiram,"OPP, EPA HHBP",,137-26-8,,,,,,21,530,105,170.6,140,1600,—,—,21,5,,,--,--,,,80000,800000,437500
634,,127,Toluene,"Table 40, 20",,108883,n,720,1500,--,--,,,,,,,—,—,720,1,1000,,,,1700,182,,,
635,,,Tolyfluanid,EPA HHBP,,731-27-1,,,,,,,,,,,,,,0,13,,,,,165,28,,,
636,,,Topramezone,EPA HHBP,,210631-68-8,,,,,,,,,,,,,,0,13,,,,,,,0.363636364,3.636363636,1.988636364
637,,128,Toxaphene,"Table 40, 20",,8001352,y,0.000028,0.000028,0.73,0.0002,,,,,,,,,0.000028,1,3,,0.21,0.0002,9900,35,,,
638,8,,Tralkoxydim,"OPP, EPA HHBP",,87820-88-0,,,,,,"> 3,750",—,"> 87,000",2100,7700,2600,,,2100,8,,,,,,,,,
639,0,,Tralomethrin,OPP,,66841-25-6,,,,,,0.8,0.088,0.0195,0.0044,—,—,—,—,0.0044,8,,,,,340,238,,,
640,,,Triadimefon,EPA HHBP,,43121-43-3,,,,,,,,,,,,,,0,13,,,,,34,24,,,
641,,,Triadimenol,EPA HHBP,,55219-65-3,,,,,,,,,,,,,,0,13,,,,,1650,175,,,
642,0,,Triallate,"OPP, EPA HHBP",,2303-17-5,,,,,,600,38,45.5,13,120,2400,—,—,13,8,,,,,-,70,,,
643,"8,10",,Triasulfuron,"OPP, EPA HHBP",,82097-50-5,,,,,,"> 50,000",68600,"> 50,000",105000,—,—,—,—,68600,6,,,,,300,35,,,
644,,,Triazole Acetic Acid,EPA HHBP,,28711-29-7,,,,,,,,,,,,,,0,13,,,,,300,35,,,
645,,,Triazole alanine,EPA HHBP,,114419-45-3,,,,,,,,,,,,,,0,13,,,,,-,56,,,
646,,,Tribenuron methyl,EPA HHBP,,101200-48-0,,,,,,,,,,,,,,0,13,,,,,100,7,,,
647,0,,Tribufos,"OPP, EPA HHBP",,78-48-8,,,,,,122.5,3.5,3.4,1.56,148,1100,—,—,1.56,8,,,,,1000,14,,,
648,0,,Trichlorfon,"OPP, EPA HHBP",,52-68-6,,,,,,79,110,2.65,0.0057,—,—,—,—,0.0057,8,70,,--,--,,,4000,40000,21875
649,,129,"Trichlorobenzene 1,2,4","Table 40, 20",,120821,n,6.4,7,--,--,,,,,,,,,6.4,1,200,,,,,,,,
650,,,"Trichloroethane 1,1,1","Table 40, 20",,,,,,,,,,,,,,,,0,13,5,,--,--,,,7.01754386,70.1754386,38.37719298
651,,130,"Trichloroethane 1,1,2","Table 40, 20",,79005,y,0.44,1.6,--,--,,,,,,,,,0.44,1,5,,--,--,,,31.74603175,317.4603175,173.6111111
652,,131,Trichloroethylene,"Table 40, 20",,79016,y,1.4,3,--,--,,,,,,,,,1.4,1,,,--,--,,,36.36363636,363.6363636,198.8636364
653,,132,"Trichlorophenol 2,4,6","Table 40, 20",,88062,y,0.23,0.24,--,--,,,,,,,,,0.23,1,,,--,--,,,40000,400000,218750
654,,133,"Trichlorophenol, 2, 4, 5-","Table 40, 20",,95954,n,330,360,--,--,,,,,,,,,330,1,,,,,1650,350,,,
655,14,,Triclopyr,"OPP, EPA HHBP",,55335-06-3,,,,,,180,104000,850,80700,100,880,—,—,100,9,,,,,,,,,
656,0,,Triclopyr acid,OPP,,55335-06-3,,,,,,58500,—,66450,—,29800,—,—,—,29800,9,,,,,,,,,
657,0,,Triclopyr butoxyethyl ester (BEE),OPP,,64700-56-7,,,,,,130,19,125,—,70,860,—,—,19,6,,,,,,,,,
658,0,,Triclopyr degradate (TCP),OPP,,55335-06-3,,,,,,950,—,6700,—,2300,—,—,—,950,5,,,,,,,,,
659,0,,Triclopyr triethylamine (TEA),OPP,,55335-06-3,,,,,,39600,"> 32,200",173000,25000,4100,6100,—,—,4100,9,,,,,3000,2100,,,
660,,,Triclosan,EPA HHBP,,3380-34-5,,,,,,,,,,,,,,0,13,,,,,660,70,,,
661,,,Tridemorph,EPA HHBP,,24602-86-6,,,,,,,,,,,,,,0,13,,,,,82500,266,,,
662,0,,Trifloxystrobin,"OPP, EPA HHBP",,141517-21-7,,,,,,7,4.3,12.5,2.8,37,"> 1,930",—,—,2.8,8,,,,,16500,1659,,,
663,,,Trifloxysulfuron Sodium,EPA HHBP,,290332-10-4,,,,,,,,,,,,,,0,13,,,,,2500,245,,,
664,0,,Triflumizole,"OPP, EPA HHBP",,686994-11-1,,,,,,290,33,700,67,140,720,—,—,33,6,,,,,,,,,
665,0,,Trifluralin,OPP,,1582-09-8,,,,,,20.5,1.14,280,2.4,7.52,43.5,—,—,1.14,6,,,,,-,168,,,
666,,,Triflusulfuron-methyl,EPA HHBP,,126535-15-7,,,,,,,,,,,,,,0,13,,,,,19800,2240,,,
667,,,Trinexapac-Ethyl,EPA HHBP,,95266-40-3,,,,,,,,,,,,,,0,13,,,,,99,2,,,
668,,,Triphenyltin hydroxide (TPTH),EPA HHBP,,76-87-9,,,,,,,,,,,,,,0,13,,,,,16500,1190,,,
669,,,Triticonazole,EPA HHBP,,131983-72-7,,,,,,,,,,,,,,0,13,,,,,1650,140,,,
670,,,Uniconazole-P,EPA HHBP,,83657-17-4,,,,,,,,,,,,,,0,13,,,,,,,,,
671,0,,Urea sulfate,OPP,,21351-39-3,,,,,,40000,—,—,—,11500,—,—,—,11500,9,,,,,1980,84,,,
672,0,,Vinclozolin,"OPP, EPA HHBP",,50471-44-8,,,,,,1420,60,2000,790,"< 1,060",> 900,—,—,60,6,2,,--,--,,,0.285714286,2.857142857,1.5625
673,,134,Vinyl Chloride,"Table 40, 20",,75014,y,0.023,0.24,--,--,,,,,,,,,0.023,1,10000,,,,,,,,
674,,,Xylenes (total),"Table 40, 20",,,,,,,,,,,,,,,,0,13,,,,,1000,420,,,
675,0,,Zeta-cypermethrin,"OPP, EPA HHBP",,52315-07-8,,,,,,0.195,0.14,0.0018,0.00059,—,—,—,—,0.00059,8,,,,,,,120000,1200000,656250
676,,135,"Zinc, Dissolved",Table 30,,7440666,n,,,hardness,hardness,,,,,,,,,110,4,,,90,81,-,0.7,,,
677,17,,Zinc Phosphide,"OPP, EPA HHBP",,1314-84-7,,,,,,—,—,—,—,—,—,—,—,0,13,,,,,500,112,,,
678,10,,Ziram,"OPP, EPA HHBP",,137-30-4,,,,,,9.7,101,24,39,67,370,—,—,9.7,5,,,,,-,3360,,,
679,0,,Zoxamide,"OPP, EPA HHBP",,156052-68-5,,,,,,78,3.48,> 390,39,10,19,—,—,3.48,6,,,,,,,,,
680,,,"Zinc, Total recoverable",Table 40,,,,2100,2600,,,,,,,,,,,,,,,,,,,,,
681,,,"Selenium, Dissolved",Table 30,,,,,,calculation,4.6,,,,,,,,,,,,,290,71,,,,,
682,,,"Nickel, Dissolved",Table 30,,,,,,hardness,hardness,,,,,,,,,,,,,74,8.2,,,,,
683,,,"Cadmium, Dissolved",Table 30,,,,,,,hardness,,,,,,,,,,,,,40,8.8,,,,,
684,,,"Copper, Dissolved",Table 30,,,,,,,,,,,,,,,,,,,,4.8,3.1,,,,,
685,,,Tributyltin,,,688733,,,,0.46,0.063,,,,,,,,,,,,,0.37,0.01,,,,,
686,,,Total DDT,,,,,,,1.1,0.001,,,,,,,,,,,,,0.13,0.001,,,,,
153,,41,Chromium (Hex),"Table 40, 20",Chromium (Hex),18540299,,--,--,16,11,,,,,,,,,11,4,,,1100,50,,,,,
